-1.225+1.573e-14i,-7.7595e-12+122.41i,-4.4495e-16+0.0069007i,-0.12674+8.6546e-14i
-1.2094-1.4822e-14i,-1.0155e-11+71.266i,-5.5872e-16+0.0038964i,-0.59725+7.2958e-14i
-1.0434-4.0764e-14i,-1.0998e-11+11.112i,-5.8258e-16+0.00058814i,-0.95215+4.9604e-14i
-0.76013-5.9635e-14i,-1.0339e-11-49.694i,-5.2731e-16-0.0025415i,-1.1494+2.1136e-14i
-0.40163-7.0156e-14i,-8.3962e-12-103.53i,-4.1189e-16-0.0051049i,-1.1739-7.8445e-15i
-0.012963-7.2132e-14i,-5.5091e-12-144.24i,-2.5938e-16-0.00684i,-1.0351-3.3372e-14i
0.36253-6.6275e-14i,-2.0799e-12-167.51i,-9.3432e-17-0.0076197i,-0.76235-5.2482e-14i
0.68701-5.3979e-14i,1.4739e-12-171.14i,6.4536e-17-0.0074447i,-0.39894-6.3393e-14i
0.93079-3.7085e-14i,4.7602e-12-154.97i,1.9726e-16-0.0064253i,0.004594-6.5519e-14i
1.0739-1.7651e-14i,7.444e-12-120.77i,2.9276e-16-0.0047542i,0.39656-5.936e-14i
1.1066+2.2428e-15i,9.2688e-12-71.931i,3.4476e-16-0.0026769i,0.72965-4.6309e-14i
1.0296+2.0672e-14i,1.007e-11-13.169i,3.5246e-16-0.00046094i,0.96539-2.84e-14i
0.85262+3.5994e-14i,9.7778e-12+49.878i,3.1991e-16+0.0016325i,1.0774-8.0448e-15i
0.59394+4.6944e-14i,8.4176e-12+111i,2.5502e-16+0.0033737i,1.0532+1.2229e-14i
0.27835+5.2694e-14i,6.1008e-12+163.76i,1.684e-16+0.0045843i,0.89553+3.0022e-14i
-0.06425+5.2875e-14i,3.0143e-12+201.85i,7.2177e-17+0.0051521i,0.62182+4.3264e-14i
-0.40063+4.7577e-14i,-5.9295e-13+219.31i,-2.1255e-17+0.0050409i,0.2634+5.0377e-14i
-0.69582+3.7324e-14i,-4.425e-12+210.8i,-1.0031e-16+0.0042945i,-0.13614+5.0397e-14i
-0.91471+2.3028e-14i,-8.1543e-12+171.73i,-1.552e-16+0.0030369i,-0.5231+4.3041e-14i
-1.0233+5.9378e-15i,-1.1437e-11+98.413i,-1.7872e-16+0.0014681i,-0.83601+2.8743e-14i
-0.99015-1.2428e-14i,-1.3925e-11-11.863i,-1.6684e-16-0.00014318i,-1.0082+8.642e-15i
-0.78689-3.0347e-14i,-1.5283e-11-160.82i,-1.1914e-16-0.0014692i,-0.97054-1.5455e-14i
-0.38943-4.5966e-14i,-1.5195e-11-349.19i,-3.9015e-17-0.0021349i,-0.65358-4.1139e-14i
0.22175-5.7364e-14i,-1.3376e-11-576.72i,6.6283e-17-0.0017302i,0.0098196-6.5484e-14i
1.0612-6.262e-14i,-9.5772e-12-842.28i,1.8575e-16+0.00017666i,1.0826-8.5148e-14i
2.1381-5.9869e-14i,-3.5953e-12-1143.9i,3.0489e-16+0.0040259i,2.6216-9.6483e-14i
3.4569-4.7355e-14i,4.7278e-12-1479i,4.0607e-16+0.010254i,4.6763-9.5645e-14i
5.0164-2.3475e-14i,1.5501e-11-1844.1i,4.6894e-16+0.019281i,7.2873-7.8705e-14i
6.8111+1.3183e-14i,2.8783e-11-2235.4i,4.7102e-16+0.031502i,10.486-4.1762e-14i
8.8308+6.3812e-14i,4.4585e-11-2648.8i,3.8817e-16+0.047274i,14.293+1.896e-14i
11.061+1.2936e-13i,6.287e-11-3079.8i,1.9522e-16+0.066911i,18.72+1.0702e-13i
13.485+2.1054e-13i,8.3558e-11-3523.5i,-1.3345e-16+0.090677i,23.768+2.2567e-13i
16.08+3.0776e-13i,1.0653e-10-3975.2i,-6.2336e-16+0.11878i,29.426+3.778e-13i
18.823+4.212e-13i,1.3162e-10-4430i,-1.2994e-15+0.15137i,35.677+5.6588e-13i
21.69+5.5078e-13i,1.5864e-10-4883.3i,-2.1852e-15+0.18853i,42.491+7.9188e-13i
24.652+6.9614e-13i,1.8738e-10-5330.5i,-3.3028e-15+0.23028i,49.834+1.0573e-12i
27.682+8.567e-13i,2.1759e-10-5767.1i,-4.6723e-15+0.2766i,57.66+1.3631e-12i
30.751+1.0317e-12i,2.4902e-10-6189.1i,-6.3112e-15+0.32737i,65.92+1.7097e-12i
33.83+1.22e-12i,2.8139e-10-6592.6i,-8.2344e-15+0.38245i,74.559+2.0969e-12i
36.891+1.4206e-12i,3.1442e-10-6974.2i,-1.0454e-14+0.44163i,83.516+2.5242e-12i
39.907+1.632e-12i,3.4783e-10-7330.9i,-1.2978e-14+0.50464i,92.728+2.9904e-12i
42.85+1.8528e-12i,3.8133e-10-7659.9i,-1.5813e-14+0.57117i,102.13+3.4939e-12i
45.695+2.0814e-12i,4.1465e-10-7959i,-1.896e-14+0.64088i,111.65+4.0326e-12i
48.419+2.316e-12i,4.4751e-10-8226.2i,-2.2419e-14+0.71338i,121.22+4.604e-12i
51.001+2.5551e-12i,4.7965e-10-8460.1i,-2.6185e-14+0.78825i,130.78+5.2052e-12i
53.419+2.7967e-12i,5.1081e-10-8659.6i,-3.025e-14+0.86506i,140.25+5.8331e-12i
55.657+3.0391e-12i,5.4077e-10-8823.9i,-3.4603e-14+0.94333i,149.57+6.4842e-12i
57.699+3.2805e-12i,5.6931e-10-8952.7i,-3.9231e-14+1.0226i,158.69+7.1548e-12i
59.532+3.5192e-12i,5.9623e-10-9046i,-4.4116e-14+1.1024i,167.53+7.841e-12i
61.145+3.7534e-12i,6.2134e-10-9104.1i,-4.924e-14+1.1822i,176.04+8.5388e-12i
62.53+3.9814e-12i,6.445e-10-9127.6i,-5.458e-14+1.2616i,184.17+9.2439e-12i
63.68+4.2017e-12i,6.6557e-10-9117.3i,-6.0113e-14+1.34i,191.87+9.9524e-12i
64.59+4.4127e-12i,6.8443e-10-9074.5i,-6.5813e-14+1.4171i,199.1+1.066e-11i
65.26+4.6131e-12i,7.01e-10-9000.3i,-7.1654e-14+1.4923i,205.82+1.1362e-11i
65.69+4.8016e-12i,7.1519e-10-8896.5i,-7.7606e-14+1.5652i,211.99+1.2056e-11i
65.88+4.977e-12i,7.2697e-10-8764.5i,-8.364e-14+1.6354i,217.59+1.2736e-11i
65.836+5.1383e-12i,7.363e-10-8606.4i,-8.9726e-14+1.7026i,222.58+1.3399e-11i
65.562+5.2845e-12i,7.4318e-10-8423.9i,-9.5833e-14+1.7663i,226.96+1.4041e-11i
65.067+5.4148e-12i,7.4761e-10-8219.2i,-1.0193e-13+1.8263i,230.71+1.466e-11i
64.357+5.5287e-12i,7.4962e-10-7994.3i,-1.0799e-13+1.8822i,233.81+1.5251e-11i
63.444+5.6255e-12i,7.4925e-10-7751.2i,-1.1397e-13+1.9337i,236.27+1.5812e-11i
62.337+5.7049e-12i,7.4657e-10-7492.2i,-1.1986e-13+1.9808i,238.08+1.6339e-11i
61.05+5.7666e-12i,7.4164e-10-7219.4i,-1.2561e-13+2.0231i,239.25+1.6831e-11i
59.593+5.8106e-12i,7.3456e-10-6934.9i,-1.312e-13+2.0604i,239.79+1.7285e-11i
57.981+5.8367e-12i,7.2542e-10-6640.8i,-1.3661e-13+2.0927i,239.7+1.77e-11i
56.227+5.8451e-12i,7.1433e-10-6339i,-1.4181e-13+2.1199i,239.01+1.8072e-11i
54.346+5.8361e-12i,7.0139e-10-6031.6i,-1.4677e-13+2.1419i,237.73+1.8403e-11i
52.352+5.81e-12i,6.8674e-10-5720.4i,-1.5147e-13+2.1586i,235.89+1.8689e-11i
50.259+5.7671e-12i,6.705e-10-5407.3i,-1.5589e-13+2.1701i,233.5+1.893e-11i
48.082+5.708e-12i,6.5281e-10-5093.9i,-1.6001e-13+2.1764i,230.59+1.9127e-11i
45.835+5.6334e-12i,6.338e-10-4781.8i,-1.6382e-13+2.1775i,227.19+1.9277e-11i
43.533+5.5439e-12i,6.1361e-10-4472.6i,-1.6729e-13+2.1736i,223.34+1.9383e-11i
41.189+5.4402e-12i,5.9238e-10-4167.6i,-1.7042e-13+2.1647i,219.06+1.9443e-11i
38.816+5.3232e-12i,5.7025e-10-3868.2i,-1.7319e-13+2.151i,214.38+1.9459e-11i
36.429+5.1938e-12i,5.4735e-10-3575.4i,-1.7559e-13+2.1327i,209.35+1.943e-11i
34.039+5.0529e-12i,5.2383e-10-3290.4i,-1.7762e-13+2.1099i,203.98+1.9359e-11i
31.659+4.9013e-12i,4.9982e-10-3014i,-1.7927e-13+2.0828i,198.32+1.9246e-11i
29.299+4.7402e-12i,4.7545e-10-2747.2i,-1.8054e-13+2.0516i,192.4+1.9092e-11i
26.971+4.5704e-12i,4.5084e-10-2490.5i,-1.8142e-13+2.0166i,186.25+1.89e-11i
24.684+4.393e-12i,4.2612e-10-2244.7i,-1.8192e-13+1.9779i,179.91+1.867e-11i
22.447+4.2091e-12i,4.014e-10-2010.1i,-1.8204e-13+1.936i,173.41+1.8404e-11i
20.268+4.0196e-12i,3.7679e-10-1787.2i,-1.8179e-13+1.8908i,166.78+1.8105e-11i
18.156+3.8256e-12i,3.524e-10-1576.3i,-1.8117e-13+1.8429i,160.05+1.7775e-11i
16.117+3.628e-12i,3.2833e-10-1377.6i,-1.8018e-13+1.7924i,153.26+1.7414e-11i
14.157+3.4279e-12i,3.0466e-10-1191.1i,-1.7884e-13+1.7395i,146.43+1.7027e-11i
12.282+3.2262e-12i,2.8148e-10-1017.1i,-1.7716e-13+1.6847i,139.59+1.6614e-11i
10.495+3.0238e-12i,2.5887e-10-855.25i,-1.7515e-13+1.628i,132.77+1.6178e-11i
8.8004+2.8217e-12i,2.369e-10-705.61i,-1.7282e-13+1.5699i,125.99+1.5722e-11i
7.2014+2.6206e-12i,2.1563e-10-567.97i,-1.7019e-13+1.5105i,119.27+1.5247e-11i
5.7001+2.4215e-12i,1.9511e-10-442.07i,-1.6726e-13+1.4501i,112.64+1.4757e-11i
4.2979+2.2251e-12i,1.7539e-10-327.63i,-1.6407e-13+1.3891i,106.12+1.4252e-11i
2.9959+2.0321e-12i,1.5652e-10-224.31i,-1.6063e-13+1.3275i,99.73+1.3736e-11i
1.7941+1.8432e-12i,1.3852e-10-131.71i,-1.5694e-13+1.2658i,93.48+1.3211e-11i
0.69237+1.6591e-12i,1.2143e-10-49.424i,-1.5304e-13+1.204i,87.391+1.2679e-11i
-0.3103+1.4803e-12i,1.0527e-10+23.005i,-1.4893e-13+1.1424i,81.474+1.2142e-11i
-1.2153+1.3073e-12i,9.0047e-11+86.053i,-1.4465e-13+1.0813i,75.742+1.1602e-11i
-2.0246+1.1408e-12i,7.5777e-11+140.22i,-1.402e-13+1.0208i,70.207+1.1061e-11i
-2.7404+9.8094e-13i,6.2462e-11+186.02i,-1.3561e-13+0.96112i,64.876+1.0521e-11i
-3.3656+8.2826e-13i,5.0099e-11+223.98i,-1.3089e-13+0.90242i,59.758+9.984e-12i
-3.9033+6.8304e-13i,3.8681e-11+254.63i,-1.2607e-13+0.84487i,54.859+9.4514e-12i
-4.357+5.4554e-13i,2.8197e-11+278.52i,-1.2116e-13+0.78862i,50.183+8.925e-12i
-4.7302+4.1598e-13i,1.8632e-11+296.17i,-1.1619e-13+0.73382i,45.734+8.4062e-12i
-5.0271+2.9451e-13i,9.964e-12+308.12i,-1.1116e-13+0.68057i,41.514+7.8965e-12i
-5.2518+1.8126e-13i,2.1707e-12+314.89i,-1.0611e-13+0.629i,37.523+7.3973e-12i
-5.4086+7.6287e-14i,-4.7752e-12+317i,-1.0104e-13+0.5792i,33.762+6.9097e-12i
-5.502-2.0385e-14i,-1.0903e-11+314.95i,-9.5978e-14+0.53125i,30.229+6.4348e-12i
-5.5366-1.0878e-13i,-1.6246e-11+309.23i,-9.0933e-14+0.48524i,26.921+5.9737e-12i
-5.517-1.8896e-13i,-2.0838e-11+300.3i,-8.5924e-14+0.44121i,23.835+5.5272e-12i
-5.4478-2.6102e-13i,-2.4716e-11+288.62i,-8.0965e-14+0.39922i,20.967+5.0961e-12i
-5.3338-3.2512e-13i,-2.7918e-11+274.62i,-7.6071e-14+0.3593i,18.312+4.6811e-12i
-5.1794-3.8141e-13i,-3.0482e-11+258.7i,-7.1255e-14+0.32148i,15.864+4.2828e-12i
-4.9894-4.3012e-13i,-3.2451e-11+241.25i,-6.653e-14+0.28578i,13.617+3.9016e-12i
-4.7682-4.7147e-13i,-3.3863e-11+222.62i,-6.1907e-14+0.25219i,11.565+3.5379e-12i
-4.5202-5.0572e-13i,-3.4761e-11+203.16i,-5.7397e-14+0.22071i,9.6988+3.192e-12i
-4.2496-5.3316e-13i,-3.5187e-11+183.18i,-5.301e-14+0.19133i,8.012+2.864e-12i
-3.9606-5.5409e-13i,-3.518e-11+162.95i,-4.8756e-14+0.16402i,6.4961+2.5541e-12i
-3.657-5.6885e-13i,-3.4783e-11+142.75i,-4.4641e-14+0.13875i,5.1428+2.2623e-12i
-3.3428-5.7777e-13i,-3.4036e-11+122.81i,-4.0675e-14+0.11548i,3.9434+1.9885e-12i
-3.0213-5.812e-13i,-3.2977e-11+103.33i,-3.6862e-14+0.094165i,2.8894+1.7326e-12i
-2.6962-5.7951e-13i,-3.1646e-11+84.501i,-3.3208e-14+0.074748i,1.9718+1.4943e-12i
-2.3704-5.7307e-13i,-3.008e-11+66.49i,-2.9719e-14+0.057172i,1.1818+1.2734e-12i
-2.0469-5.6226e-13i,-2.8315e-11+49.434i,-2.6396e-14+0.041373i,0.51063+1.0695e-12i
-1.7286-5.4746e-13i,-2.6385e-11+33.45i,-2.3245e-14+0.027282i,-0.050567+8.8225e-13i
-1.4178-5.2905e-13i,-2.4325e-11+18.634i,-2.0265e-14+0.014827i,-0.51043+7.1116e-13i
-1.1169-5.0741e-13i,-2.2164e-11+5.0599i,-1.7459e-14+0.0039323i,-0.87749+5.5575e-13i
-0.82793-4.8292e-13i,-1.9933e-11-7.215i,-1.4827e-14-0.0054816i,-1.1601+4.1547e-13i
-0.5526-4.5596e-13i,-1.766e-11-18.153i,-1.2368e-14-0.013495i,-1.3663+2.8976e-13i
-0.29256-4.2688e-13i,-1.5371e-11-27.734i,-1.0082e-14-0.020192i,-1.504+1.7801e-13i
-0.049137-3.9606e-13i,-1.3089e-11-35.952i,-7.9664e-15-0.025654i,-1.5808+7.9581e-14i
0.17653-3.6382e-13i,-1.0837e-11-42.817i,-6.0193e-15-0.029968i,-1.604-6.1845e-15i
0.38352-3.3052e-13i,-8.6354e-12-48.353i,-4.2376e-15-0.033218i,-1.5806-7.9959e-14i
0.57113-2.9647e-13i,-6.5022e-12-52.595i,-2.6178e-15-0.035487i,-1.5171-1.4243e-13i
0.73885-2.6199e-13i,-4.4536e-12-55.588i,-1.1558e-15-0.036861i,-1.4198-1.943e-13i
0.88637-2.2735e-13i,-2.5041e-12-57.388i,1.5292e-16-0.037422i,-1.2947-2.3627e-13i
1.0136-1.9285e-13i,-6.6621e-13-58.06i,1.3134e-15-0.037251i,-1.1472-2.6904e-13i
1.1205-1.5875e-13i,1.0495e-12-57.675i,2.3308e-15-0.036427i,-0.98259-2.9331e-13i
1.2073-1.2527e-13i,2.6342e-12-56.311i,3.2111e-15-0.035029i,-0.80552-3.0979e-13i
1.2744-9.2666e-14i,4.0808e-12-54.049i,3.9602e-15-0.03313i,-0.62041-3.1916e-13i
1.3223-6.1125e-14i,5.3838e-12-50.977i,4.5844e-15-0.030803i,-0.43126-3.221e-13i
1.3515-3.084e-14i,6.5394e-12-47.182i,5.0902e-15-0.028118i,-0.2417-3.1926e-13i
1.363-1.9806e-15i,7.5454e-12-42.758i,5.4843e-15-0.02514i,-0.054958-3.113e-13i
1.3574+2.5303e-14i,8.4009e-12-37.794i,5.7736e-15-0.021932i,0.12606-2.9884e-13i
1.3358+5.088e-14i,9.1064e-12-32.382i,5.965e-15-0.018554i,0.29885-2.8248e-13i
1.2991+7.4638e-14i,9.6637e-12-26.615i,6.0656e-15-0.015062i,0.4612-2.628e-13i
1.2485+9.6483e-14i,1.0076e-11-20.58i,6.0823e-15-0.011507i,0.61128-2.4036e-13i
1.1852+1.1634e-13i,1.0347e-11-14.365i,6.0223e-15-0.0079381i,0.74754-2.1567e-13i
1.1103+1.3415e-13i,1.0482e-11-8.054i,5.8926e-15-0.0044i,0.86877-1.8925e-13i
1.025+1.4987e-13i,1.0486e-11-1.7275i,5.7e-15-0.00093331i,0.97402-1.6157e-13i
0.93071+1.6348e-13i,1.0367e-11+4.538i,5.4514e-15+0.0024252i,1.0626-1.3305e-13i
0.82862+1.7496e-13i,1.0132e-11+10.671i,5.1536e-15+0.0056423i,1.1342-1.0412e-13i
0.72002+1.8434e-13i,9.7894e-12+16.603i,4.813e-15+0.0086888i,1.1885-7.5155e-14i
0.60621+1.9162e-13i,9.3468e-12+22.274i,4.4361e-15+0.011539i,1.2256-4.65e-14i
0.48843+1.9685e-13i,8.8137e-12+27.627i,4.029e-15+0.014171i,1.2458-1.8475e-14i
0.36793+2.0007e-13i,8.1992e-12+32.612i,3.5977e-15+0.016567i,1.2495+8.6333e-15i
0.24593+2.0134e-13i,7.5128e-12+37.182i,3.1478e-15+0.018711i,1.2373+3.457e-14i
0.12359+2.0074e-13i,6.7642e-12+41.301i,2.6848e-15+0.020592i,1.2099+5.9109e-14i
0.0020401+1.9834e-13i,5.963e-12+44.934i,2.2139e-15+0.022202i,1.1682+8.2054e-14i
-0.11764+1.9424e-13i,5.1191e-12+48.056i,1.7399e-15+0.023534i,1.1132+1.0324e-13i
-0.23443+1.8853e-13i,4.2419e-12+50.645i,1.2675e-15+0.024588i,1.0461+1.2252e-13i
-0.34738+1.8132e-13i,3.341e-12+52.686i,8.0086e-16+0.025362i,0.96782+1.3979e-13i
-0.4556+1.7273e-13i,2.4256e-12+54.17i,3.4398e-16+0.025859i,0.87975+1.5497e-13i
-0.55826+1.6287e-13i,1.5047e-12+55.094i,-9.9502e-17+0.026086i,0.78313+1.6798e-13i
-0.65461+1.5186e-13i,5.8694e-13+55.459i,-5.2626e-16+0.026049i,0.67926+1.7881e-13i
-0.74399+1.3983e-13i,-3.1934e-13+55.272i,-9.3331e-16+0.025757i,0.56946+1.8742e-13i
-0.82579+1.269e-13i,-1.2063e-12+54.545i,-1.318e-15+0.025223i,0.45505+1.9383e-13i
-0.8995+1.1321e-13i,-2.0666e-12+53.294i,-1.6779e-15+0.024458i,0.33735+1.9806e-13i
-0.96469+9.8878e-14i,-2.8933e-12+51.539i,-2.0111e-15+0.023477i,0.21766+2.0016e-13i
-1.021+8.4044e-14i,-3.68e-12+49.306i,-2.3158e-15+0.022295i,0.097242+2.0019e-13i
-1.0681+6.8832e-14i,-4.4209e-12+46.622i,-2.5906e-15+0.02093i,-0.022668+1.9823e-13i
-1.1059+5.3369e-14i,-5.1107e-12+43.518i,-2.8344e-15+0.019398i,-0.1409+1.9437e-13i
-1.1342+3.7779e-14i,-5.7449e-12+40.028i,-3.0463e-15+0.017719i,-0.25633+1.8871e-13i
-1.153+2.2183e-14i,-6.3193e-12+36.19i,-3.2259e-15+0.01591i,-0.3679+1.8137e-13i
-1.1623+6.6973e-15i,-6.8305e-12+32.042i,-3.3729e-15+0.013992i,-0.47463+1.7247e-13i
-1.1622-8.565e-15i,-7.2757e-12+27.624i,-3.4873e-15+0.011983i,-0.57563+1.6214e-13i
-1.1529-2.3497e-14i,-7.6525e-12+22.978i,-3.5692e-15+0.0099024i,-0.67005+1.5053e-13i
-1.1345-3.7996e-14i,-7.9595e-12+18.147i,-3.6192e-15+0.0077702i,-0.75716+1.3776e-13i
-1.1074-5.1967e-14i,-8.1955e-12+13.174i,-3.6379e-15+0.0056053i,-0.8363+1.24e-13i
-1.072-6.5321e-14i,-8.3601e-12+8.1038i,-3.6263e-15+0.0034264i,-0.90692+1.094e-13i
-1.0286-7.7975e-14i,-8.4533e-12+2.9788i,-3.5854e-15+0.0012518i,-0.96855+9.4092e-14i
-0.97772-8.9854e-14i,-8.4758e-12-2.1574i,-3.5164e-15-0.00090107i,-1.0208+7.8242e-14i
-0.91981-1.0089e-13i,-8.4289e-12-7.2625i,-3.4207e-15-0.0030151i,-1.0634+6.1998e-14i
-0.85541-1.1102e-13i,-8.314e-12-12.295i,-3.3e-15-0.0050744i,-1.0961+4.5508e-14i
-0.78509-1.202e-13i,-8.1334e-12-17.215i,-3.1558e-15-0.0070636i,-1.1188+2.8915e-14i
-0.70947-1.2837e-13i,-7.8896e-12-21.985i,-2.9899e-15-0.0089685i,-1.1316+1.2361e-14i
-0.62915-1.355e-13i,-7.5855e-12-26.567i,-2.8042e-15-0.010776i,-1.1344-4.0177e-15i
-0.54479-1.4157e-13i,-7.2246e-12-30.927i,-2.6007e-15-0.012474i,-1.1274-2.0092e-14i
-0.45704-1.4654e-13i,-6.8105e-12-35.033i,-2.3813e-15-0.014052i,-1.1109-3.5738e-14i
-0.36658-1.5041e-13i,-6.3471e-12-38.856i,-2.148e-15-0.0155i,-1.085-5.084e-14i
-0.27408-1.5317e-13i,-5.8388e-12-42.367i,-1.9031e-15-0.016809i,-1.0503-6.5289e-14i
-0.18023-1.5482e-13i,-5.29e-12-45.544i,-1.6485e-15-0.017972i,-1.007-7.8985e-14i
-0.085694-1.5537e-13i,-4.7054e-12-48.363i,-1.3863e-15-0.018983i,-0.95576-9.1836e-14i
0.0088548-1.5484e-13i,-4.0899e-12-50.808i,-1.1186e-15-0.019838i,-0.897-1.0376e-13i
0.10276-1.5324e-13i,-3.4484e-12-52.862i,-8.4756e-16-0.020533i,-0.83134-1.1468e-13i
0.19538-1.5061e-13i,-2.7859e-12-54.514i,-5.7508e-16-0.021066i,-0.7594-1.2454e-13i
0.28609-1.4697e-13i,-2.1076e-12-55.753i,-3.0317e-16-0.021435i,-0.68183-1.3328e-13i
0.3743-1.4238e-13i,-1.4185e-12-56.575i,-3.3737e-17-0.021641i,-0.59933-1.4086e-13i
0.45944-1.3687e-13i,-7.2384e-13-56.975i,2.3139e-16-0.021685i,-0.51262-1.4724e-13i
0.54095-1.3049e-13i,-2.8527e-14-56.954i,4.9044e-16-0.02157i,-0.42241-1.524e-13i
0.61833-1.2331e-13i,6.6245e-13-56.515i,7.4176e-16-0.021299i,-0.32945-1.5631e-13i
0.69111-1.1537e-13i,1.3443e-12-55.664i,9.8377e-16-0.020876i,-0.2345-1.5899e-13i
0.75884-1.0675e-13i,2.0122e-12-54.411i,1.215e-15-0.020308i,-0.1383-1.6042e-13i
0.82114-9.7499e-14i,2.6618e-12-52.765i,1.4341e-15-0.019599i,-0.041606-1.6062e-13i
0.87763-8.7697e-14i,3.2887e-12-50.742i,1.6398e-15-0.018759i,0.054858-1.5962e-13i
0.92801-7.7411e-14i,3.8889e-12-48.358i,1.8309e-15-0.017793i,0.15037-1.5743e-13i
0.972-6.6713e-14i,4.4584e-12-45.633i,2.0066e-15-0.016712i,0.24422-1.541e-13i
1.0094-5.5677e-14i,4.9937e-12-42.587i,2.1658e-15-0.015524i,0.33573-1.4966e-13i
1.04-4.4378e-14i,5.4916e-12-39.243i,2.3079e-15-0.014239i,0.42426-1.4417e-13i
1.0636-3.2889e-14i,5.9489e-12-35.625i,2.4323e-15-0.012868i,0.50918-1.3769e-13i
1.0803-2.1286e-14i,6.363e-12-31.762i,2.5383e-15-0.01142i,0.58992-1.3027e-13i
1.0898-9.6433e-15i,6.7316e-12-27.679i,2.6257e-15-0.0099074i,0.66594-1.2199e-13i
1.0924+1.9667e-15i,7.0526e-12-23.407i,2.6943e-15-0.0083407i,0.73673-1.1291e-13i
1.0878+1.3472e-14i,7.3243e-12-18.975i,2.7438e-15-0.0067314i,0.80183-1.0311e-13i
1.0764+2.4802e-14i,7.5453e-12-14.415i,2.7744e-15-0.0050908i,0.86085-9.2674e-14i
1.0582+3.5889e-14i,7.7147e-12-9.7559i,2.7861e-15-0.0034303i,0.91341-8.1676e-14i
1.0333+4.6667e-14i,7.8317e-12-5.0312i,2.7793e-15-0.0017613i,0.95922-7.0205e-14i
1.002+5.7074e-14i,7.896e-12-0.27236i,2.7542e-15-9.493e-05i,0.998-5.8345e-14i
0.9645+6.7051e-14i,7.9077e-12+4.489i,2.7113e-15+0.0015578i,1.0296-4.6183e-14i
0.92112+7.654e-14i,7.8671e-12+9.2213i,2.6512e-15+0.0031863i,1.0537-3.3806e-14i
0.87216+8.549e-14i,7.7748e-12+13.893i,2.5745e-15+0.0047801i,1.0704-2.1302e-14i
0.81795+9.3852e-14i,7.6319e-12+18.475i,2.4821e-15+0.0063292i,1.0796-8.7575e-15i
0.75888+1.0158e-13i,7.4396e-12+22.937i,2.3747e-15+0.0078242i,1.0812+3.7431e-15i
0.69534+1.0864e-13i,7.1996e-12+27.25i,2.2532e-15+0.0092559i,1.0754+1.6116e-14i
0.62775+1.1499e-13i,6.9138e-12+31.386i,2.1187e-15+0.010616i,1.0622+2.828e-14i
0.55654+1.206e-13i,6.5842e-12+35.321i,1.9721e-15+0.011897i,1.0418+4.0156e-14i
0.48219+1.2544e-13i,6.2132e-12+39.029i,1.8147e-15+0.01309i,1.0143+5.1669e-14i
0.40515+1.295e-13i,5.8034e-12+42.487i,1.6474e-15+0.01419i,0.98012+6.2747e-14i
0.32591+1.3275e-13i,5.3578e-12+45.674i,1.4716e-15+0.015191i,0.9394+7.3323e-14i
0.24496+1.3519e-13i,4.8792e-12+48.571i,1.2884e-15+0.016087i,0.8925+8.3331e-14i
0.1628+1.3681e-13i,4.371e-12+51.16i,1.0991e-15+0.016874i,0.8398+9.2713e-14i
0.079928+1.376e-13i,3.8363e-12+53.425i,9.0483e-16+0.017548i,0.78167+1.0142e-13i
-0.0031631+1.3757e-13i,3.2788e-12+55.354i,7.0698e-16+0.018107i,0.71854+1.0939e-13i
-0.085975+1.3672e-13i,2.7019e-12+56.935i,5.0678e-16+0.018547i,0.65087+1.1659e-13i
-0.16802+1.3507e-13i,2.1093e-12+58.159i,3.0548e-16+0.018867i,0.57914+1.2297e-13i
-0.24882+1.3264e-13i,1.5047e-12+59.019i,1.0433e-16+0.019068i,0.50383+1.2852e-13i
-0.3279+1.2943e-13i,8.9195e-13+59.512i,-9.5454e-17+0.019148i,0.42548+1.3319e-13i
-0.40481+1.2549e-13i,2.7476e-13+59.634i,-2.9267e-16+0.019108i,0.3446+1.3697e-13i
-0.47912+1.2083e-13i,-3.431e-13+59.386i,-4.8616e-16+0.018951i,0.26174+1.3984e-13i
-0.5504+1.155e-13i,-9.5787e-13+58.771i,-6.748e-16+0.018677i,0.17744+1.4179e-13i
-0.61825+1.0951e-13i,-1.5659e-12+57.792i,-8.5751e-16+0.018291i,0.092259+1.4282e-13i
-0.6823+1.0293e-13i,-2.1635e-12+56.456i,-1.0333e-15+0.017794i,0.0067477+1.4294e-13i
-0.74221+9.5774e-14i,-2.7471e-12+54.772i,-1.2011e-15+0.017193i,-0.078548+1.4214e-13i
-0.79764+8.8104e-14i,-3.3134e-12+52.752i,-1.3601e-15+0.016491i,-0.16309+1.4044e-13i
-0.84829+7.9963e-14i,-3.859e-12+50.407i,-1.5095e-15+0.015693i,-0.24633+1.3786e-13i
-0.89391+7.1399e-14i,-4.3807e-12+47.752i,-1.6484e-15+0.014806i,-0.32777+1.3443e-13i
-0.93426+6.2465e-14i,-4.8756e-12+44.805i,-1.7761e-15+0.013835i,-0.4069+1.3017e-13i
-0.96913+5.3214e-14i,-5.3408e-12+41.582i,-1.8921e-15+0.012787i,-0.48323+1.2511e-13i
-0.99835+4.3699e-14i,-5.7737e-12+38.103i,-1.9957e-15+0.011669i,-0.5563+1.193e-13i
-1.0218+3.3976e-14i,-6.1719e-12+34.391i,-2.0865e-15+0.010488i,-0.62568+1.1277e-13i
-1.0393+2.41e-14i,-6.5331e-12+30.466i,-2.1641e-15+0.0092529i,-0.69094+1.0558e-13i
-1.0509+1.4129e-14i,-6.8553e-12+26.352i,-2.2282e-15+0.0079705i,-0.75171+9.7764e-14i
-1.0564+4.1179e-15i,-7.1368e-12+22.075i,-2.2786e-15+0.006649i,-0.80764+8.9382e-14i
-1.056-5.877e-15i,-7.3761e-12+17.659i,-2.3151e-15+0.0052967i,-0.8584+8.0489e-14i
-1.0496-1.58e-14i,-7.5719e-12+13.13i,-2.3376e-15+0.0039219i,-0.90371+7.1141e-14i
-1.0372-2.5597e-14i,-7.7231e-12+8.5151i,-2.3462e-15+0.0025328i,-0.94331+6.14e-14i
-1.0191-3.5214e-14i,-7.8291e-12+3.8414i,-2.341e-15+0.0011378i,-0.977+5.1326e-14i
-0.99521-4.4599e-14i,-7.8892e-12-0.86384i,-2.3221e-15-0.0002548i,-1.0046+4.0984e-14i
-0.96581-5.3701e-14i,-7.9034e-12-5.5732i,-2.2898e-15-0.0016369i,-1.026+3.0437e-14i
-0.93106-6.2472e-14i,-7.8715e-12-10.259i,-2.2443e-15-0.0030006i,-1.041+1.975e-14i
-0.89117-7.0865e-14i,-7.7938e-12-14.895i,-2.1862e-15-0.0043379i,-1.0496+8.9875e-15i
-0.84639-7.8837e-14i,-7.671e-12-19.453i,-2.1158e-15-0.0056413i,-1.0518-1.7849e-15i
-0.79698-8.6346e-14i,-7.5037e-12-23.908i,-2.0337e-15-0.0069035i,-1.0476-1.2503e-14i
-0.74324-9.3353e-14i,-7.293e-12-28.233i,-1.9405e-15-0.0081175i,-1.0371-2.3104e-14i
-0.68547-9.9822e-14i,-7.0402e-12-32.404i,-1.8368e-15-0.0092766i,-1.0203-3.3524e-14i
-0.62402-1.0572e-13i,-6.7467e-12-36.398i,-1.7233e-15-0.010375i,-0.99739-4.3704e-14i
-0.55923-1.1102e-13i,-6.4142e-12-40.19i,-1.6007e-15-0.011406i,-0.96849-5.3584e-14i
-0.49147-1.1569e-13i,-6.0447e-12-43.759i,-1.4698e-15-0.012364i,-0.93384-6.3108e-14i
-0.42112-1.1972e-13i,-5.6403e-12-47.085i,-1.3315e-15-0.013246i,-0.89364-7.2222e-14i
-0.34859-1.2308e-13i,-5.2032e-12-50.148i,-1.1865e-15-0.014045i,-0.84817-8.0874e-14i
-0.27426-1.2575e-13i,-4.736e-12-52.932i,-1.0359e-15-0.014759i,-0.79771-8.9015e-14i
-0.19856-1.2774e-13i,-4.2412e-12-55.419i,-8.8042e-16-0.015384i,-0.74259-9.6602e-14i
-0.1219-1.2902e-13i,-3.7216e-12-57.597i,-7.2107e-16-0.015916i,-0.68314-1.0359e-13i
-0.044709-1.2959e-13i,-3.1802e-12-59.451i,-5.5876e-16-0.016354i,-0.61974-1.0995e-13i
0.032602-1.2946e-13i,-2.6199e-12-60.972i,-3.9445e-16-0.016697i,-0.55278-1.1563e-13i
0.10961-1.2863e-13i,-2.0438e-12-62.15i,-2.2908e-16-0.016941i,-0.48265-1.2062e-13i
0.18589-1.271e-13i,-1.4552e-12-62.978i,-6.3587e-17-0.017088i,-0.4098-1.2488e-13i
0.26104-1.2489e-13i,-8.5719e-13-63.451i,1.0109e-16-0.017137i,-0.33465-1.284e-13i
0.33466-1.22e-13i,-2.5316e-13-63.567i,2.6404e-16-0.017088i,-0.25765-1.3116e-13i
0.40634-1.1847e-13i,3.536e-13-63.323i,4.2434e-16-0.016942i,-0.17926-1.3314e-13i
0.47571-1.143e-13i,9.5977e-13-62.721i,5.8113e-16-0.016702i,-0.099946-1.3433e-13i
0.54241-1.0953e-13i,1.562e-12-61.762i,7.3355e-16-0.016368i,-0.020171-1.3474e-13i
0.60607-1.0417e-13i,2.1571e-12-60.453i,8.8078e-16-0.015944i,0.059596-1.3436e-13i
0.66636-9.8267e-14i,2.7416e-12-58.799i,1.022e-15-0.015433i,0.13889-1.332e-13i
0.72297-9.1846e-14i,3.3125e-12-56.809i,1.1566e-15-0.014838i,0.21726-1.3126e-13i
0.77561-8.4944e-14i,3.8667e-12-54.493i,1.2837e-15-0.014163i,0.29423-1.2857e-13i
0.82399-7.7598e-14i,4.401e-12-51.864i,1.4027e-15-0.013413i,0.36938-1.2514e-13i
0.86787-6.985e-14i,4.9126e-12-48.934i,1.513e-15-0.012592i,0.44227-1.2099e-13i
0.90703-6.174e-14i,5.3986e-12-45.72i,1.6141e-15-0.011705i,0.51248-1.1615e-13i
0.94127-5.3312e-14i,5.8564e-12-42.238i,1.7055e-15-0.010759i,0.57962-1.1064e-13i
0.9704-4.4613e-14i,6.2834e-12-38.507i,1.7867e-15-0.0097579i,0.64329-1.0451e-13i
0.9943-3.5687e-14i,6.6773e-12-34.546i,1.8573e-15-0.0087089i,0.70315-9.778e-14i
1.0128-2.6584e-14i,7.0359e-12-30.377i,1.9171e-15-0.0076177i,0.75886-9.0499e-14i
1.0259-1.735e-14i,7.3572e-12-26.022i,1.9658e-15-0.006491i,0.8101-8.2709e-14i
1.0335-8.0352e-15i,7.6393e-12-21.503i,2.0031e-15-0.0053353i,0.85658-7.4454e-14i
1.0355+1.3119e-15i,7.8807e-12-16.846i,2.0289e-15-0.0041573i,0.89806-6.5783e-14i
1.032+1.0642e-14i,8.0798e-12-12.075i,2.0433e-15-0.0029637i,0.93429-5.6744e-14i
1.023+1.9906e-14i,8.2356e-12-7.2163i,2.0461e-15-0.0017614i,0.96508-4.7391e-14i
1.0085+2.9056e-14i,8.347e-12-2.2953i,2.0374e-15-0.00055712i,0.99026-3.7777e-14i
0.98869+3.8044e-14i,8.4133e-12+2.6612i,2.0174e-15+0.0006423i,1.0097-2.7956e-14i
0.96359+4.6822e-14i,8.434e-12+7.6262i,1.9863e-15+0.0018302i,1.0233-1.7985e-14i
0.93336+5.5346e-14i,8.4087e-12+12.573i,1.9442e-15+0.0029999i,1.031-7.9194e-15i
0.89819+6.3571e-14i,8.3375e-12+17.474i,1.8915e-15+0.0041451i,1.0327+2.1835e-15i
0.85825+7.1454e-14i,8.2205e-12+22.303i,1.8285e-15+0.0052595i,1.0285+1.2267e-14i
0.81376+7.8955e-14i,8.0582e-12+27.033i,1.7558e-15+0.0063369i,1.0183+2.2273e-14i
0.76498+8.6034e-14i,7.8511e-12+31.639i,1.6736e-15+0.0073718i,1.0023+3.2147e-14i
0.71215+9.2655e-14i,7.6002e-12+36.093i,1.5826e-15+0.0083584i,0.98057+4.1832e-14i
0.65557+9.8783e-14i,7.3065e-12+40.373i,1.4833e-15+0.0092916i,0.95318+5.1275e-14i
0.59553+1.0439e-13i,6.9714e-12+44.453i,1.3762e-15+0.010166i,0.92031+6.0422e-14i
0.53236+1.0944e-13i,6.5964e-12+48.31i,1.2621e-15+0.010979i,0.88217+6.9222e-14i
0.46639+1.1391e-13i,6.1832e-12+51.922i,1.1417e-15+0.011724i,0.83897+7.7625e-14i
0.39797+1.1777e-13i,5.7339e-12+55.269i,1.0155e-15+0.012398i,0.79096+8.5585e-14i
0.32747+1.2102e-13i,5.2504e-12+58.33i,8.8443e-16+0.012998i,0.73842+9.3056e-14i
0.25526+1.2362e-13i,4.7352e-12+61.087i,7.4916e-16+0.013522i,0.68166+9.9996e-14i
0.18173+1.2557e-13i,4.1907e-12+63.524i,6.1049e-16+0.013965i,0.62099+1.0637e-13i
0.10726+1.2685e-13i,3.6196e-12+65.625i,4.6922e-16+0.014328i,0.55677+1.1213e-13i
0.032254+1.2746e-13i,3.0246e-12+67.377i,3.2614e-16+0.014608i,0.48936+1.1726e-13i
-0.042895+1.274e-13i,2.4087e-12+68.767i,1.8207e-16+0.014803i,0.41915+1.2171e-13i
-0.11779+1.2665e-13i,1.7749e-12+69.786i,3.7837e-17+0.014915i,0.34655+1.2547e-13i
-0.19202+1.2524e-13i,1.1263e-12+70.425i,-1.0576e-16+0.014941i,0.27196+1.2852e-13i
-0.26521+1.2315e-13i,4.662e-13+70.678i,-2.4791e-16+0.014884i,0.19581+1.3083e-13i
-0.33695+1.2041e-13i,-2.0206e-13+70.54i,-3.8781e-16+0.014743i,0.11855+1.3239e-13i
-0.40687+1.1702e-13i,-8.7513e-13+70.01i,-5.2469e-16+0.01452i,0.040609+1.3319e-13i
-0.4746+1.13e-13i,-1.5496e-12+69.086i,-6.5778e-16+0.014217i,-0.037556+1.3323e-13i
-0.53976+1.0838e-13i,-2.2219e-12+67.771i,-7.8634e-16+0.013836i,-0.1155+1.3249e-13i
-0.60201+1.0317e-13i,-2.8886e-12+66.068i,-9.0966e-16+0.013379i,-0.19277+1.3099e-13i
-0.66102+9.7396e-14i,-3.5463e-12+63.983i,-1.0271e-15+0.012851i,-0.26892+1.2873e-13i
-0.71646+9.1092e-14i,-4.1914e-12+61.522i,-1.1379e-15+0.012254i,-0.3435+1.2572e-13i
-0.76803+8.4286e-14i,-4.8206e-12+58.697i,-1.2415e-15+0.011592i,-0.41609+1.2198e-13i
-0.81545+7.7014e-14i,-5.4303e-12+55.519i,-1.3374e-15+0.01087i,-0.48626+1.1752e-13i
-0.85846+6.931e-14i,-6.0174e-12+52i,-1.425e-15+0.010092i,-0.55359+1.1236e-13i
-0.89681+6.1214e-14i,-6.5784e-12+48.158i,-1.5038e-15+0.0092622i,-0.61769+1.0653e-13i
-0.9303+5.2767e-14i,-7.1102e-12+44.008i,-1.5735e-15+0.0083869i,-0.67818+1.0007e-13i
-0.95873+4.4011e-14i,-7.6099e-12+39.57i,-1.6336e-15+0.0074711i,-0.73469+9.2999e-14i
-0.98194+3.4991e-14i,-8.0743e-12+34.865i,-1.6838e-15+0.0065204i,-0.78688+8.536e-14i
-0.99978+2.5752e-14i,-8.5006e-12+29.914i,-1.7238e-15+0.0055406i,-0.83444+7.7194e-14i
-1.0121+1.6343e-14i,-8.8863e-12+24.743i,-1.7535e-15+0.0045376i,-0.87707+6.8542e-14i
-1.019+6.8106e-15i,-9.2287e-12+19.375i,-1.7726e-15+0.0035175i,-0.9145+5.9452e-14i
-1.0202-2.7944e-15i,-9.5254e-12+13.839i,-1.7812e-15+0.0024866i,-0.9465+4.9972e-14i
-1.0157-1.2422e-14i,-9.7744e-12+8.1608i,-1.779e-15+0.001451i,-0.97285+4.0154e-14i
-1.0057-2.2023e-14i,-9.9735e-12+2.3703i,-1.7663e-15+0.00041692i,-0.99338+3.0051e-14i
-0.99001-3.1544e-14i,-1.0121e-11-3.5027i,-1.743e-15-0.00060937i,-1.0079+1.9719e-14i
-0.96882-4.0937e-14i,-1.0215e-11-9.4273i,-1.7093e-15-0.0016217i,-1.0164+9.2151e-15i
-0.94219-5.015e-14i,-1.0255e-11-15.372i,-1.6654e-15-0.0026141i,-1.0187-1.4019e-15i
-0.91025-5.9133e-14i,-1.0239e-11-21.304i,-1.6117e-15-0.0035806i,-1.0148-1.2072e-14i
-0.87314-6.7836e-14i,-1.0166e-11-27.192i,-1.5483e-15-0.0045153i,-1.0047-2.2734e-14i
-0.83105-7.6211e-14i,-1.0036e-11-33.001i,-1.4757e-15-0.0054128i,-0.98836-3.3326e-14i
-0.78419-8.4211e-14i,-9.8473e-12-38.699i,-1.3943e-15-0.0062676i,-0.9659-4.3786e-14i
-0.73279-9.1789e-14i,-9.6008e-12-44.251i,-1.3046e-15-0.0070747i,-0.93742-5.4053e-14i
-0.67712-9.8901e-14i,-9.2959e-12-49.626i,-1.2072e-15-0.0078292i,-0.90304-6.4065e-14i
-0.61746-1.055e-13i,-8.9331e-12-54.789i,-1.1027e-15-0.0085268i,-0.86293-7.3759e-14i
-0.55413-1.1155e-13i,-8.5126e-12-59.708i,-9.9159e-16-0.0091632i,-0.8173-8.3076e-14i
-0.48745-1.1702e-13i,-8.0352e-12-64.35i,-8.7466e-16-0.0097347i,-0.76638-9.1956e-14i
-0.4178-1.2185e-13i,-7.5019e-12-68.683i,-7.5261e-16-0.010238i,-0.71046-1.0034e-13i
-0.34554-1.2603e-13i,-6.9137e-12-72.676i,-6.262e-16-0.01067i,-0.64984-1.0817e-13i
-0.27106-1.2952e-13i,-6.272e-12-76.3i,-4.962e-16-0.011028i,-0.58486-1.154e-13i
-0.19479-1.3228e-13i,-5.5785e-12-79.524i,-3.6345e-16-0.011311i,-0.51588-1.2197e-13i
-0.11716-1.343e-13i,-4.8349e-12-82.32i,-2.2878e-16-0.011517i,-0.44332-1.2782e-13i
-0.03859-1.3556e-13i,-4.0433e-12-84.662i,-9.3077e-17-0.011644i,-0.3676-1.3293e-13i
0.040447-1.3602e-13i,-3.2059e-12-86.524i,4.2788e-17-0.011693i,-0.28918-1.3722e-13i
0.11949-1.3568e-13i,-2.3251e-12-87.882i,1.7791e-16-0.011662i,-0.20853-1.4068e-13i
0.19807-1.3452e-13i,-1.4036e-12-88.712i,3.1138e-16-0.011554i,-0.12615-1.4325e-13i
0.27571-1.3253e-13i,-4.4409e-13-88.995i,4.4227e-16-0.011368i,-0.042572-1.4491e-13i
0.35192-1.2971e-13i,5.5045e-13-88.711i,5.6968e-16-0.011107i,0.041663-1.4562e-13i
0.42623-1.2605e-13i,1.5769e-12-87.842i,6.9269e-16-0.010773i,0.126-1.4535e-13i
0.49814-1.2155e-13i,2.6321e-12-86.374i,8.1039e-16-0.010367i,0.20986-1.4409e-13i
0.56717-1.1623e-13i,3.7126e-12-84.292i,9.2188e-16-0.0098942i,0.29267-1.418e-13i
0.63284-1.1007e-13i,4.8149e-12-81.586i,1.0263e-15-0.0093574i,0.37383-1.3848e-13i
0.69469-1.0311e-13i,5.9354e-12-78.245i,1.1227e-15-0.0087609i,0.45273-1.3412e-13i
0.75224-9.5345e-14i,7.0705e-12-74.263i,1.2104e-15-0.0081095i,0.52878-1.287e-13i
0.80504-8.6801e-14i,8.2164e-12-69.635i,1.2885e-15-0.0074084i,0.60136-1.2223e-13i
0.85265-7.7498e-14i,9.3692e-12-64.358i,1.3563e-15-0.0066633i,0.66987-1.147e-13i
0.89465-6.7461e-14i,1.0525e-11-58.431i,1.4129e-15-0.0058803i,0.7337-1.0613e-13i
0.93061-5.6718e-14i,1.168e-11-51.857i,1.4577e-15-0.005066i,0.79227-9.6528e-14i
0.96015-4.5299e-14i,1.283e-11-44.64i,1.4901e-15-0.0042273i,0.84497-8.5903e-14i
0.98289-3.324e-14i,1.3972e-11-36.785i,1.5095e-15-0.0033716i,0.89123-7.4279e-14i
0.99848-2.0576e-14i,1.5101e-11-28.301i,1.5152e-15-0.0025065i,0.93048-6.168e-14i
1.0066-7.3489e-15i,1.6213e-11-19.2i,1.5068e-15-0.0016401i,0.96218-4.8134e-14i
1.0069+6.4007e-15i,1.7305e-11-9.4937i,1.4838e-15-0.00078065i,0.9858-3.3674e-14i
0.99912+2.0627e-14i,1.8373e-11+0.80189i,1.4459e-15+6.3332e-05i,1.0008-1.8338e-14i
0.98303+3.5284e-14i,1.9413e-11+11.67i,1.3927e-15+0.00088307i,1.0068-2.1646e-15i
0.95839+5.0322e-14i,2.0422e-11+23.09i,1.324e-15+0.0016696i,1.0032+1.48e-14i
0.92501+6.569e-14i,2.1395e-11+35.041i,1.2395e-15+0.0024139i,0.98963+3.2507e-14i
0.88271+8.1335e-14i,2.233e-11+47.5i,1.1391e-15+0.0031067i,0.9657+5.0906e-14i
0.83136+9.7203e-14i,2.3222e-11+60.442i,1.0228e-15+0.0037388i,0.93102+6.994e-14i
0.77087+1.1324e-13i,2.407e-11+73.838i,8.9057e-16+0.0043009i,0.88527+8.9552e-14i
0.70117+1.2939e-13i,2.4869e-11+87.661i,7.4247e-16+0.0047837i,0.82812+1.0968e-13i
0.62221+1.4558e-13i,2.5617e-11+101.88i,5.7864e-16+0.005178i,0.75934+1.3026e-13i
0.53401+1.6178e-13i,2.6312e-11+116.46i,3.9931e-16+0.0054746i,0.67867+1.5123e-13i
0.43658+1.7791e-13i,2.695e-11+131.38i,2.0476e-16+0.0056646i,0.58594+1.7251e-13i
0.33001+1.9392e-13i,2.7529e-11+146.58i,-4.6643e-18+0.0057391i,0.48101+1.9404e-13i
0.21438+2.0974e-13i,2.8047e-11+162.05i,-2.2853e-16+0.0056897i,0.36376+2.1574e-13i
0.089839+2.2533e-13i,2.8503e-11+177.74i,-4.6635e-16+0.0055078i,0.23413+2.3755e-13i
-0.043447+2.4062e-13i,2.8893e-11+193.62i,-7.1756e-16+0.0051855i,0.092112+2.5937e-13i
-0.18528+2.5555e-13i,2.9218e-11+209.64i,-9.8155e-16+0.0047151i,-0.062276+2.8115e-13i
-0.33541+2.7007e-13i,2.9474e-11+225.77i,-1.2576e-15+0.0040892i,-0.22896+3.028e-13i
-0.49358+2.8412e-13i,2.9662e-11+241.96i,-1.545e-15+0.003301i,-0.40784+3.2425e-13i
-0.65949+2.9765e-13i,2.9781e-11+258.18i,-1.843e-15+0.0023439i,-0.59873+3.4542e-13i
-0.8328+3.106e-13i,2.9829e-11+274.38i,-2.1506e-15+0.001212i,-0.80145+3.6622e-13i
-1.0132+3.2293e-13i,2.9806e-11+290.53i,-2.4669e-15-0.00010023i,-1.0157+3.866e-13i
-1.2002+3.3458e-13i,2.9713e-11+306.58i,-2.7911e-15-0.0015977i,-1.2413+4.0647e-13i
-1.3934+3.4551e-13i,2.9548e-11+322.49i,-3.122e-15-0.0032848i,-1.4779+4.2575e-13i
-1.5925+3.5567e-13i,2.9313e-11+338.22i,-3.4586e-15-0.0051652i,-1.725+4.4438e-13i
-1.7969+3.6503e-13i,2.9008e-11+353.74i,-3.7999e-15-0.0072421i,-1.9822+4.6228e-13i
-2.0061+3.7353e-13i,2.8633e-11+368.99i,-4.1446e-15-0.009518i,-2.2492+4.7939e-13i
-2.2196+3.8116e-13i,2.819e-11+383.95i,-4.4916e-15-0.011995i,-2.5254+4.9564e-13i
-2.437+3.8786e-13i,2.768e-11+398.57i,-4.8398e-15-0.014673i,-2.8102+5.1096e-13i
-2.6576+3.9361e-13i,2.7103e-11+412.82i,-5.1879e-15-0.017554i,-3.1031+5.253e-13i
-2.8808+3.9839e-13i,2.6463e-11+426.66i,-5.5347e-15-0.020638i,-3.4036+5.3858e-13i
-3.1062+4.0217e-13i,2.576e-11+440.05i,-5.8788e-15-0.023922i,-3.7109+5.5077e-13i
-3.3331+4.0492e-13i,2.4996e-11+452.96i,-6.2192e-15-0.027405i,-4.0244+5.618e-13i
-3.5608+4.0664e-13i,2.4175e-11+465.36i,-6.5545e-15-0.031086i,-4.3434+5.7163e-13i
-3.7889+4.073e-13i,2.3297e-11+477.21i,-6.8834e-15-0.03496i,-4.6672+5.8022e-13i
-4.0166+4.0689e-13i,2.2366e-11+488.49i,-7.2046e-15-0.039024i,-4.995+5.8751e-13i
-4.2434+4.0542e-13i,2.1384e-11+499.17i,-7.5171e-15-0.043273i,-5.326+5.9349e-13i
-4.4686+4.0287e-13i,2.0355e-11+509.23i,-7.8194e-15-0.047701i,-5.6596+5.981e-13i
-4.6916+3.9925e-13i,1.9281e-11+518.62i,-8.1103e-15-0.052303i,-5.9949+6.0133e-13i
-4.9118+3.9456e-13i,1.8165e-11+527.35i,-8.3888e-15-0.057072i,-6.331+6.0316e-13i
-5.1286+3.888e-13i,1.7011e-11+535.37i,-8.6536e-15-0.061999i,-6.6671+6.0355e-13i
-5.3413+3.82e-13i,1.5822e-11+542.69i,-8.9035e-15-0.067078i,-7.0025+6.0251e-13i
-5.5493+3.7417e-13i,1.4601e-11+549.27i,-9.1376e-15-0.072299i,-7.3362+6.0001e-13i
-5.7522+3.6531e-13i,1.3352e-11+555.1i,-9.3546e-15-0.077652i,-7.6675+5.9605e-13i
-5.9492+3.5547e-13i,1.2079e-11+560.18i,-9.5537e-15-0.083127i,-7.9954+5.9064e-13i
-6.1398+3.4465e-13i,1.0786e-11+564.49i,-9.7339e-15-0.088714i,-8.3192+5.8378e-13i
-6.3235+3.3289e-13i,9.4751e-12+568.02i,-9.8941e-15-0.094402i,-8.638+5.7547e-13i
-6.4997+3.2023e-13i,8.1513e-12+570.77i,-1.0034e-14-0.10018i,-8.9509+5.6574e-13i
-6.668+3.0669e-13i,6.818e-12+572.73i,-1.0152e-14-0.10603i,-9.2572+5.5459e-13i
-6.8278+2.9232e-13i,5.4792e-12+573.9i,-1.0248e-14-0.11195i,-9.5561+5.4206e-13i
-6.9787+2.7715e-13i,4.1384e-12+574.29i,-1.0321e-14-0.11792i,-9.8467+5.2817e-13i
-7.1203+2.6123e-13i,2.7996e-12+573.9i,-1.037e-14-0.12392i,-10.128+5.1296e-13i
-7.2521+2.4461e-13i,1.4664e-12+572.72i,-1.0396e-14-0.12995i,-10.4+4.9645e-13i
-7.3738+2.2733e-13i,1.4257e-13+570.77i,-1.0397e-14-0.13598i,-10.662+4.787e-13i
-7.485+2.0944e-13i,-1.1683e-12+568.07i,-1.0373e-14-0.14202i,-10.912+4.5975e-13i
-7.5853+1.91e-13i,-2.4628e-12+564.61i,-1.0324e-14-0.14803i,-11.15+4.3964e-13i
-7.6746+1.7206e-13i,-3.7372e-12+560.41i,-1.025e-14-0.15401i,-11.376+4.1843e-13i
-7.7525+1.5268e-13i,-4.9883e-12+555.5i,-1.015e-14-0.15994i,-11.589+3.9617e-13i
-7.8188+1.3291e-13i,-6.2127e-12+549.88i,-1.0025e-14-0.1658i,-11.788+3.7293e-13i
-7.8733+1.1281e-13i,-7.4073e-12+543.57i,-9.8747e-15-0.17159i,-11.973+3.4876e-13i
-7.9159+9.2443e-14i,-8.5691e-12+536.6i,-9.6988e-15-0.17728i,-12.144+3.2374e-13i
-7.9464+7.1868e-14i,-9.6951e-12+528.99i,-9.4978e-15-0.18286i,-12.299+2.9793e-13i
-7.9648+5.1147e-14i,-1.0783e-11+520.76i,-9.2719e-15-0.18832i,-12.438+2.7141e-13i
-7.971+3.0339e-14i,-1.1829e-11+511.94i,-9.0215e-15-0.19364i,-12.562+2.4423e-13i
-7.9651+9.5079e-15i,-1.2831e-11+502.56i,-8.7471e-15-0.19881i,-12.67+2.165e-13i
-7.9469-1.1287e-14i,-1.3788e-11+492.64i,-8.4491e-15-0.20382i,-12.761+1.8826e-13i
-7.9166-3.1983e-14i,-1.4697e-11+482.21i,-8.1282e-15-0.20864i,-12.835+1.5962e-13i
-7.8744-5.252e-14i,-1.5555e-11+471.3i,-7.785e-15-0.21327i,-12.892+1.3064e-13i
-7.8202-7.2839e-14i,-1.6362e-11+459.95i,-7.4204e-15-0.2177i,-12.932+1.0141e-13i
-7.7543-9.288e-14i,-1.7115e-11+448.19i,-7.0351e-15-0.22191i,-12.955+7.2001e-14i
-7.6769-1.1258e-13i,-1.7814e-11+436.05i,-6.63e-15-0.22589i,-12.961+4.2504e-14i
-7.5882-1.319e-13i,-1.8456e-11+423.57i,-6.2061e-15-0.22963i,-12.949+1.2999e-14i
-7.4884-1.5076e-13i,-1.9042e-11+410.77i,-5.7643e-15-0.23311i,-12.921-1.6435e-14i
-7.378-1.6912e-13i,-1.9569e-11+397.7i,-5.3059e-15-0.23633i,-12.875-4.5716e-14i
-7.2571-1.8693e-13i,-2.0039e-11+384.39i,-4.832e-15-0.23928i,-12.812-7.4763e-14i
-7.1262-2.0414e-13i,-2.0449e-11+370.87i,-4.3436e-15-0.24195i,-12.732-1.035e-13i
-6.9856-2.207e-13i,-2.08e-11+357.18i,-3.8422e-15-0.24434i,-12.636-1.3184e-13i
-6.8357-2.3656e-13i,-2.1092e-11+343.35i,-3.3289e-15-0.24642i,-12.524-1.5972e-13i
-6.677-2.5169e-13i,-2.1325e-11+329.43i,-2.8052e-15-0.2482i,-12.396-1.8706e-13i
-6.51-2.6604e-13i,-2.1499e-11+315.44i,-2.2723e-15-0.24968i,-12.252-2.1378e-13i
-6.3351-2.7957e-13i,-2.1615e-11+301.42i,-1.7317e-15-0.25084i,-12.093-2.3982e-13i
-6.1528-2.9225e-13i,-2.1674e-11+287.4i,-1.1848e-15-0.25168i,-11.919-2.6511e-13i
-5.9636-3.0406e-13i,-2.1677e-11+273.42i,-6.3312e-16-0.2522i,-11.731-2.8958e-13i
-5.7681-3.1495e-13i,-2.1623e-11+259.51i,-7.8056e-17-0.2524i,-11.529-3.1317e-13i
-5.5668-3.2491e-13i,-2.1516e-11+245.7i,4.7888e-16-0.25227i,-11.314-3.3582e-13i
-5.3603-3.3392e-13i,-2.1356e-11+232.02i,1.0362e-15-0.25182i,-11.087-3.5748e-13i
-5.1492-3.4195e-13i,-2.1145e-11+218.51i,1.5924e-15-0.25104i,-10.847-3.7809e-13i
-4.934-3.4899e-13i,-2.0884e-11+205.18i,2.1459e-15-0.24993i,-10.596-3.9761e-13i
-4.7153-3.5503e-13i,-2.0575e-11+192.08i,2.6954e-15-0.2485i,-10.335-4.1598e-13i
-4.4938-3.6006e-13i,-2.0221e-11+179.22i,3.2393e-15-0.24675i,-10.063-4.3318e-13i
-4.27-3.6408e-13i,-1.9823e-11+166.63i,3.7761e-15-0.24469i,-9.7829-4.4915e-13i
-4.0446-3.6707e-13i,-1.9383e-11+154.34i,4.3044e-15-0.24231i,-9.4938-4.6387e-13i
-3.818-3.6905e-13i,-1.8905e-11+142.37i,4.8228e-15-0.23962i,-9.1969-4.7731e-13i
-3.591-3.7002e-13i,-1.8389e-11+130.73i,5.3299e-15-0.23663i,-8.8932-4.8945e-13i
-3.3642-3.6999e-13i,-1.784e-11+119.46i,5.8244e-15-0.23335i,-8.5832-5.0026e-13i
-3.138-3.6897e-13i,-1.7258e-11+108.56i,6.3049e-15-0.22978i,-8.2678-5.0972e-13i
-2.9131-3.6697e-13i,-1.6648e-11+98.048i,6.7701e-15-0.22594i,-7.9479-5.1784e-13i
-2.69-3.6402e-13i,-1.6011e-11+87.949i,7.2189e-15-0.22182i,-7.6241-5.2459e-13i
-2.4694-3.6012e-13i,-1.535e-11+78.272i,7.6501e-15-0.21745i,-7.2974-5.2998e-13i
-2.2517-3.5532e-13i,-1.4669e-11+69.028i,8.0625e-15-0.21283i,-6.9685-5.34e-13i
-2.0375-3.4962e-13i,-1.3969e-11+60.227i,8.4552e-15-0.20797i,-6.6382-5.3667e-13i
-1.8272-3.4307e-13i,-1.3254e-11+51.877i,8.827e-15-0.20288i,-6.3074-5.38e-13i
-1.6214-3.357e-13i,-1.2526e-11+43.986i,9.1772e-15-0.19758i,-5.9767-5.3799e-13i
-1.4206-3.2753e-13i,-1.1789e-11+36.557i,9.5047e-15-0.19208i,-5.647-5.3666e-13i
-1.2251-3.1861e-13i,-1.1045e-11+29.595i,9.8089e-15-0.1864i,-5.3191-5.3405e-13i
-1.0354-3.0897e-13i,-1.0296e-11+23.101i,1.0089e-14-0.18054i,-4.9936-5.3017e-13i
-0.85197-2.9866e-13i,-9.5454e-12+17.075i,1.0344e-14-0.17452i,-4.6714-5.2505e-13i
-0.6751-2.8772e-13i,-8.7961e-12+11.516i,1.0575e-14-0.16836i,-4.3531-5.1874e-13i
-0.50515-2.762e-13i,-8.0504e-12+6.4202i,1.0779e-14-0.16207i,-4.0394-5.1125e-13i
-0.34246-2.6413e-13i,-7.3109e-12+1.784i,1.0957e-14-0.15567i,-3.731-5.0265e-13i
-0.18731-2.5157e-13i,-6.5801e-12-2.3987i,1.1109e-14-0.14916i,-3.4285-4.9296e-13i
-0.039975-2.3857e-13i,-5.8603e-12-6.1355i,1.1234e-14-0.14258i,-3.1326-4.8224e-13i
0.099312-2.2517e-13i,-5.1538e-12-9.4349i,1.1332e-14-0.13592i,-2.8438-4.7054e-13i
0.23035-2.1143e-13i,-4.4628e-12-12.307i,1.1403e-14-0.12922i,-2.5626-4.579e-13i
0.35295-1.974e-13i,-3.7894e-12-14.763i,1.1447e-14-0.12248i,-2.2897-4.4439e-13i
0.46697-1.8312e-13i,-3.1356e-12-16.815i,1.1465e-14-0.11572i,-2.0254-4.3005e-13i
0.57231-1.6866e-13i,-2.5033e-12-18.477i,1.1455e-14-0.10895i,-1.7702-4.1495e-13i
0.66887-1.5406e-13i,-1.8942e-12-19.763i,1.142e-14-0.1022i,-1.5246-3.9915e-13i
0.7566-1.3937e-13i,-1.3098e-12-20.689i,1.1358e-14-0.095472i,-1.2889-3.8271e-13i
0.83547-1.2465e-13i,-7.5183e-13-21.27i,1.127e-14-0.088787i,-1.0635-3.657e-13i
0.9055-1.0995e-13i,-2.2152e-13-21.524i,1.1157e-14-0.08216i,-0.84863-3.4817e-13i
0.96672-9.5315e-14i,2.7988e-13-21.47i,1.102e-14-0.075604i,-0.64463-3.3019e-13i
1.0192-8.0796e-14i,7.5128e-13-21.124i,1.0859e-14-0.069133i,-0.45169-3.1183e-13i
1.063-6.6442e-14i,1.1917e-12-20.506i,1.0674e-14-0.062763i,-0.27002-2.9315e-13i
1.0983-5.23e-14i,1.6004e-12-19.636i,1.0467e-14-0.056506i,-0.099755-2.7423e-13i
1.1252-3.8416e-14i,1.9767e-12-18.533i,1.0238e-14-0.050376i,0.058986-2.5512e-13i
1.1439-2.4834e-14i,2.32e-12-17.218i,9.9889e-15-0.044384i,0.20613-2.3589e-13i
1.1546-1.1598e-14i,2.63e-12-15.71i,9.7196e-15-0.038543i,0.34165-2.1661e-13i
1.1575+1.2521e-15i,2.9064e-12-14.031i,9.4315e-15-0.032865i,0.46554-1.9734e-13i
1.1529+1.3677e-14i,3.1491e-12-12.2i,9.1256e-15-0.027359i,0.57785-1.7814e-13i
1.1411+2.564e-14i,3.3582e-12-10.238i,8.8032e-15-0.022037i,0.67865-1.5909e-13i
1.1222+3.7106e-14i,3.5339e-12-8.1646i,8.4652e-15-0.016908i,0.76806-1.4022e-13i
1.0968+4.8043e-14i,3.6763e-12-6.0011i,8.113e-15-0.011981i,0.84622-1.2162e-13i
1.0649+5.842e-14i,3.7861e-12-3.7666i,7.7478e-15-0.0072628i,0.91333-1.0333e-13i
1.0272+6.821e-14i,3.8638e-12-1.4807i,7.3707e-15-0.0027623i,0.96958-8.5403e-14i
0.98374+7.7387e-14i,3.9099e-12+0.83766i,6.9831e-15+0.0015143i,1.0152-6.79e-14i
0.93507+8.5928e-14i,3.9254e-12+3.1699i,6.5863e-15+0.0055612i,1.0506-5.087e-14i
0.88155+9.3815e-14i,3.9112e-12+5.498i,6.1816e-15+0.0093731i,1.0759-3.436e-14i
0.82357+1.0103e-13i,3.8682e-12+7.8047i,5.7703e-15+0.012946i,1.0915-1.8416e-14i
0.76153+1.0756e-13i,3.7975e-12+10.073i,5.3538e-15+0.016275i,1.0979-3.08e-15i
0.69585+1.1338e-13i,3.7005e-12+12.288i,4.9335e-15+0.019359i,1.0952+1.1607e-14i
0.62695+1.1851e-13i,3.5784e-12+14.433i,4.5105e-15+0.022195i,1.0841+2.561e-14i
0.55525+1.2291e-13i,3.4326e-12+16.495i,4.0864e-15+0.024782i,1.0648+3.8893e-14i
0.48117+1.266e-13i,3.2645e-12+18.459i,3.6624e-15+0.02712i,1.0378+5.1426e-14i
0.40515+1.2957e-13i,3.0756e-12+20.315i,3.2398e-15+0.029208i,1.0037+6.3183e-14i
0.32761+1.3183e-13i,2.8676e-12+22.049i,2.82e-15+0.031049i,0.96279+7.4139e-14i
0.24896+1.3337e-13i,2.6421e-12+23.651i,2.4041e-15+0.032643i,0.91565+8.4273e-14i
0.16964+1.3421e-13i,2.4007e-12+25.112i,1.9935e-15+0.033994i,0.86275+9.3569e-14i
0.090056+1.3436e-13i,2.1451e-12+26.423i,1.5893e-15+0.035104i,0.80461+1.0201e-13i
0.010609+1.3383e-13i,1.8772e-12+27.576i,1.1927e-15+0.035978i,0.74173+1.0959e-13i
-0.068298+1.3263e-13i,1.5987e-12+28.566i,8.0483e-16+0.03662i,0.67464+1.163e-13i
-0.14628+1.3078e-13i,1.3113e-12+29.386i,4.2682e-16+0.037036i,0.60385+1.2214e-13i
-0.22296+1.283e-13i,1.0168e-12+30.033i,5.9691e-17+0.037231i,0.52988+1.271e-13i
-0.29796+1.2522e-13i,7.1705e-13+30.502i,-2.9556e-16+0.037212i,0.45326+1.3119e-13i
-0.37095+1.2155e-13i,4.1379e-13+30.792i,-6.3798e-16+0.036987i,0.37449+1.3441e-13i
-0.44159+1.1733e-13i,1.0878e-13+30.902i,-9.6668e-16+0.036563i,0.29409+1.3678e-13i
-0.50955+1.1258e-13i,-1.9626e-13+30.831i,-1.2808e-15+0.035948i,0.21257+1.3831e-13i
-0.57454+1.0733e-13i,-4.9962e-13+30.58i,-1.5797e-15+0.035151i,0.13041+1.3901e-13i
-0.63626+1.0161e-13i,-7.9964e-13+30.152i,-1.8625e-15+0.03418i,0.0481+1.389e-13i
-0.69447+9.5453e-14i,-1.0947e-12+29.548i,-2.1286e-15+0.033047i,-0.033884+1.38e-13i
-0.7489+8.8896e-14i,-1.3832e-12+28.773i,-2.3774e-15+0.031759i,-0.11509+1.3634e-13i
-0.79934+8.1972e-14i,-1.6637e-12+27.831i,-2.6085e-15+0.030329i,-0.19506+1.3394e-13i
-0.84558+7.4718e-14i,-1.9348e-12+26.728i,-2.8214e-15+0.028765i,-0.27339+1.3084e-13i
-0.88744+6.717e-14i,-2.1949e-12+25.47i,-3.0156e-15+0.027079i,-0.34966+1.2706e-13i
-0.92476+5.9367e-14i,-2.4429e-12+24.064i,-3.191e-15+0.025282i,-0.42348+1.2264e-13i
-0.9574+5.1346e-14i,-2.6775e-12+22.518i,-3.3472e-15+0.023385i,-0.49449+1.176e-13i
-0.98525+4.3147e-14i,-2.8976e-12+20.84i,-3.484e-15+0.021399i,-0.56233+1.12e-13i
-1.0082+3.4807e-14i,-3.1021e-12+19.04i,-3.6015e-15+0.019336i,-0.6267+1.0587e-13i
-1.0262+2.6367e-14i,-3.29e-12+17.127i,-3.6995e-15+0.017206i,-0.68727+9.9246e-14i
-1.0392+1.7866e-14i,-3.4604e-12+15.112i,-3.7781e-15+0.015022i,-0.74379+9.2173e-14i
-1.0472+9.3407e-15i,-3.6126e-12+13.005i,-3.8374e-15+0.012795i,-0.79599+8.4694e-14i
-1.0502+8.3148e-16i,-3.7459e-12+10.817i,-3.8776e-15+0.010536i,-0.84366+7.6851e-14i
-1.0482-7.6244e-15i,-3.8597e-12+8.5605i,-3.8989e-15+0.0082558i,-0.8866+6.8691e-14i
-1.0412-1.599e-14i,-3.9536e-12+6.2462i,-3.9017e-15+0.0059659i,-0.92463+6.0258e-14i
-1.0293-2.4228e-14i,-4.027e-12+3.8863i,-3.8862e-15+0.003677i,-0.95761+5.1596e-14i
-1.0127-3.2303e-14i,-4.0799e-12+1.4932i,-3.853e-15+0.0013997i,-0.98541+4.2753e-14i
-0.99132-4.0181e-14i,-4.1119e-12-0.9211i,-3.8024e-15-0.00085564i,-1.008+3.3773e-14i
-0.96539-4.7828e-14i,-4.123e-12-3.3441i,-3.7352e-15-0.0030789i,-1.0252+2.4702e-14i
-0.93505-5.5213e-14i,-4.1132e-12-5.7636i,-3.6518e-15-0.0052605i,-1.037+1.5585e-14i
-0.90045-6.2305e-14i,-4.0827e-12-8.1674i,-3.5529e-15-0.007391i,-1.0435+6.4669e-15i
-0.86178-6.9075e-14i,-4.0318e-12-10.543i,-3.4392e-15-0.0094614i,-1.0446-2.6089e-15i
-0.81924-7.5495e-14i,-3.9606e-12-12.879i,-3.3114e-15-0.011463i,-1.0404-1.1599e-14i
-0.77304-8.1541e-14i,-3.8696e-12-15.164i,-3.1704e-15-0.013388i,-1.031-2.0462e-14i
-0.72341-8.7187e-14i,-3.7594e-12-17.386i,-3.0169e-15-0.015229i,-1.0163-2.9157e-14i
-0.67059-9.2412e-14i,-3.6305e-12-19.534i,-2.8518e-15-0.016978i,-0.99665-3.7644e-14i
-0.61485-9.7197e-14i,-3.4836e-12-21.598i,-2.676e-15-0.018629i,-0.97205-4.5885e-14i
-0.55643-1.0152e-13i,-3.3195e-12-23.567i,-2.4905e-15-0.020175i,-0.94268-5.3844e-14i
-0.49562-1.0537e-13i,-3.139e-12-25.431i,-2.296e-15-0.021612i,-0.90872-6.1487e-14i
-0.4327-1.0874e-13i,-2.943e-12-27.182i,-2.0937e-15-0.022934i,-0.87038-6.878e-14i
-0.36796-1.116e-13i,-2.7325e-12-28.811i,-1.8844e-15-0.024136i,-0.82787-7.5692e-14i
-0.30171-1.1395e-13i,-2.5085e-12-30.31i,-1.6692e-15-0.025214i,-0.78142-8.2196e-14i
-0.23423-1.1579e-13i,-2.2722e-12-31.671i,-1.4491e-15-0.026166i,-0.73128-8.8265e-14i
-0.16583-1.1711e-13i,-2.0247e-12-32.888i,-1.2251e-15-0.026989i,-0.67772-9.3873e-14i
-0.096833-1.179e-13i,-1.7671e-12-33.955i,-9.9816e-16-0.02768i,-0.62101-9.9e-14i
-0.02753-1.1817e-13i,-1.5007e-12-34.866i,-7.6931e-16-0.028238i,-0.56144-1.0363e-13i
0.041767-1.1792e-13i,-1.2268e-12-35.618i,-5.3953e-16-0.028661i,-0.49932-1.0773e-13i
0.11075-1.1715e-13i,-9.4674e-13-36.205i,-3.0983e-16-0.028951i,-0.43495-1.1131e-13i
0.17912-1.1586e-13i,-6.6175e-13-36.627i,-8.118e-17-0.029106i,-0.36866-1.1434e-13i
0.24658-1.1408e-13i,-3.732e-13-36.879i,1.4547e-16-0.029127i,-0.30075-1.1681e-13i
0.31284-1.118e-13i,-8.2448e-14-36.961i,3.6917e-16-0.029016i,-0.23158-1.1872e-13i
0.37761-1.0904e-13i,2.0915e-13-36.872i,5.8901e-16-0.028774i,-0.16145-1.2007e-13i
0.44061-1.0581e-13i,5.0025e-13-36.612i,8.0411e-16-0.028405i,-0.090712-1.2085e-13i
0.50158-1.0213e-13i,7.895e-13-36.183i,1.0136e-15-0.02791i,-0.019695-1.2106e-13i
0.56026-9.8018e-14i,1.0756e-12-35.586i,1.2167e-15-0.027294i,0.05127-1.2071e-13i
0.61639-9.3494e-14i,1.3571e-12-34.823i,1.4125e-15-0.02656i,0.12185-1.198e-13i
0.66976-8.8578e-14i,1.6329e-12-33.898i,1.6004e-15-0.025712i,0.19173-1.1833e-13i
0.72012-8.3293e-14i,1.9016e-12-32.815i,1.7796e-15-0.024756i,0.26057-1.1633e-13i
0.76728-7.7663e-14i,2.1621e-12-31.579i,1.9495e-15-0.023695i,0.32808-1.138e-13i
0.81104-7.1715e-14i,2.4131e-12-30.195i,2.1094e-15-0.022537i,0.39394-1.1075e-13i
0.85122-6.5473e-14i,2.6535e-12-28.669i,2.2588e-15-0.021287i,0.45786-1.0721e-13i
0.88767-5.8968e-14i,2.8823e-12-27.008i,2.3971e-15-0.01995i,0.51956-1.032e-13i
0.92023-5.2226e-14i,3.0983e-12-25.219i,2.5238e-15-0.018534i,0.57875-9.8724e-14i
0.94877-4.5278e-14i,3.3007e-12-23.31i,2.6386e-15-0.017046i,0.63519-9.3818e-14i
0.97319-3.8153e-14i,3.4885e-12-21.29i,2.7411e-15-0.015492i,0.68863-8.8503e-14i
0.9934-3.0884e-14i,3.6609e-12-19.168i,2.8309e-15-0.01388i,0.73883-8.2806e-14i
1.0093-2.3501e-14i,3.8171e-12-16.953i,2.9079e-15-0.012217i,0.78558-7.6753e-14i
1.0209-1.6035e-14i,3.9564e-12-14.654i,2.9717e-15-0.01051i,0.82868-7.0375e-14i
1.028-8.519e-15i,4.0783e-12-12.283i,3.0222e-15-0.0087682i,0.86795-6.37e-14i
1.0308-9.8436e-16i,4.1821e-12-9.8491i,3.0594e-15-0.0069983i,0.90323-5.6761e-14i
1.0292+6.537e-15i,4.2674e-12-7.3636i,3.0832e-15-0.0052083i,0.93438-4.959e-14i
1.0232+1.4013e-14i,4.3339e-12-4.8374i,3.0935e-15-0.003406i,0.96125-4.2218e-14i
1.0128+2.1414e-14i,4.3812e-12-2.2817i,3.0906e-15-0.0015994i,0.98376-3.4681e-14i
0.99812+2.8707e-14i,4.4091e-12+0.29223i,3.0745e-15+0.00020394i,1.0018-2.7013e-14i
0.97923+3.5864e-14i,4.4175e-12+2.873i,3.0453e-15+0.0019962i,1.0154-1.9246e-14i
0.9562+4.2853e-14i,4.4065e-12+5.4492i,3.0034e-15+0.0037699i,1.0243-1.1417e-14i
0.92914+4.9647e-14i,4.3759e-12+8.0094i,2.9489e-15+0.0055176i,1.0287-3.5606e-15i
0.89818+5.6218e-14i,4.3261e-12+10.542i,2.8823e-15+0.0072319i,1.0285+4.2895e-15i
0.86346+6.2539e-14i,4.2571e-12+13.037i,2.8038e-15+0.0089059i,1.0237+1.2099e-14i
0.82512+6.8584e-14i,4.1693e-12+15.482i,2.7139e-15+0.010533i,1.0143+1.9832e-14i
0.78334+7.4329e-14i,4.0631e-12+17.867i,2.6131e-15+0.012106i,1.0005+2.7458e-14i
0.7383+7.9751e-14i,3.9389e-12+20.181i,2.5018e-15+0.013618i,0.98222+3.4941e-14i
0.6902+8.4828e-14i,3.7974e-12+22.414i,2.3806e-15+0.015065i,0.95963+4.2252e-14i
0.63924+8.9541e-14i,3.639e-12+24.556i,2.2501e-15+0.01644i,0.93283+4.9357e-14i
0.58564+9.387e-14i,3.4645e-12+26.598i,2.1109e-15+0.017738i,0.90195+5.6228e-14i
0.52964+9.7799e-14i,3.2746e-12+28.53i,1.9636e-15+0.018953i,0.86713+6.2835e-14i
0.47147+1.0131e-13i,3.0703e-12+30.345i,1.8088e-15+0.020081i,0.82854+6.915e-14i
0.41138+1.044e-13i,2.8522e-12+32.034i,1.6474e-15+0.021119i,0.78635+7.5148e-14i
0.34962+1.0704e-13i,2.6215e-12+33.589i,1.4799e-15+0.022061i,0.74076+8.0804e-14i
0.28646+1.0924e-13i,2.3791e-12+35.004i,1.3072e-15+0.022905i,0.69197+8.6093e-14i
0.22216+1.1097e-13i,2.1259e-12+36.272i,1.1299e-15+0.023648i,0.64021+9.0996e-14i
0.15698+1.1224e-13i,1.8633e-12+37.388i,9.4893e-16+0.024287i,0.58571+9.5492e-14i
0.091203+1.1305e-13i,1.5921e-12+38.346i,7.6493e-16+0.024821i,0.52872+9.9563e-14i
0.025102+1.1338e-13i,1.3137e-12+39.143i,5.7872e-16+0.025246i,0.46947+1.0319e-13i
-0.04105+1.1324e-13i,1.0292e-12+39.775i,3.9109e-16+0.025563i,0.40825+1.0637e-13i
-0.10698+1.1264e-13i,7.3983e-13+40.238i,2.0281e-16+0.02577i,0.34532+1.0908e-13i
-0.17241+1.1156e-13i,4.4683e-13+40.531i,1.4675e-17+0.025868i,0.28095+1.1131e-13i
-0.23708+1.1003e-13i,1.5145e-13+40.651i,-1.7255e-16+0.025856i,0.21542+1.1305e-13i
-0.30071+1.0805e-13i,-1.4505e-13+40.599i,-3.5809e-16+0.025735i,0.14903+1.1431e-13i
-0.36305+1.0562e-13i,-4.414e-13+40.374i,-5.412e-16+0.025506i,0.082051+1.1507e-13i
-0.42385+1.0276e-13i,-7.3634e-13+39.977i,-7.2114e-16+0.025171i,0.014783+1.1533e-13i
-0.48285+9.9486e-14i,-1.0286e-12+39.41i,-8.9718e-16+0.024731i,-0.052488+1.151e-13i
-0.53981+9.5803e-14i,-1.3169e-12+38.674i,-1.0686e-15+0.02419i,-0.11947+1.1437e-13i
-0.5945+9.173e-14i,-1.6002e-12+37.772i,-1.2348e-15+0.023549i,-0.18588+1.1316e-13i
-0.64671+8.7286e-14i,-1.877e-12+36.709i,-1.395e-15+0.022812i,-0.25144+1.1146e-13i
-0.69621+8.2489e-14i,-2.1463e-12+35.487i,-1.5487e-15+0.021982i,-0.31586+1.0929e-13i
-0.74282+7.736e-14i,-2.407e-12+34.113i,-1.6953e-15+0.021064i,-0.37887+1.0665e-13i
-0.78634+7.1921e-14i,-2.6579e-12+32.592i,-1.8341e-15+0.020062i,-0.4402+1.0357e-13i
-0.82661+6.6194e-14i,-2.8979e-12+30.93i,-1.9647e-15+0.018979i,-0.4996+1.0004e-13i
-0.86345+6.0202e-14i,-3.1261e-12+29.134i,-2.0866e-15+0.017822i,-0.55682+9.6103e-14i
-0.89673+5.3972e-14i,-3.3415e-12+27.211i,-2.1992e-15+0.016594i,-0.61162+9.1758e-14i
-0.92631+4.7529e-14i,-3.5431e-12+25.17i,-2.3023e-15+0.015302i,-0.66376+8.7031e-14i
-0.95208+4.09e-14i,-3.7301e-12+23.018i,-2.3955e-15+0.013952i,-0.71304+8.1942e-14i
-0.97393+3.4111e-14i,-3.9017e-12+20.764i,-2.4783e-15+0.012548i,-0.75925+7.6513e-14i
-0.99179+2.7192e-14i,-4.0572e-12+18.419i,-2.5505e-15+0.011097i,-0.80219+7.0768e-14i
-1.0056+2.0169e-14i,-4.1959e-12+15.991i,-2.612e-15+0.0096058i,-0.8417+6.4733e-14i
-1.0153+1.3073e-14i,-4.3172e-12+13.49i,-2.6624e-15+0.00808i,-0.8776+5.8433e-14i
-1.0208+5.9315e-15i,-4.4206e-12+10.928i,-2.7016e-15+0.0065261i,-0.90976+5.1896e-14i
-1.0222-1.226e-15i,-4.5057e-12+8.3141i,-2.7295e-15+0.0049508i,-0.93805+4.515e-14i
-1.0194-8.3705e-15i,-4.5721e-12+5.6598i,-2.7462e-15+0.0033606i,-0.96235+3.8223e-14i
-1.0124-1.5473e-14i,-4.6195e-12+2.9761i,-2.7514e-15+0.0017621i,-0.98256+3.1145e-14i
-1.0013-2.2505e-14i,-4.6476e-12+0.27411i,-2.7454e-15+0.00016183i,-0.99861+2.3946e-14i
-0.98622-2.9438e-14i,-4.6565e-12-2.435i,-2.7281e-15-0.0014335i,-1.0104+1.6657e-14i
-0.96708-3.6244e-14i,-4.6459e-12-5.1399i,-2.6997e-15-0.0030175i,-1.018+9.3078e-15i
-0.94404-4.2896e-14i,-4.616e-12-7.8294i,-2.6603e-15-0.0045836i,-1.0213+1.9299e-15i
-0.91717-4.9367e-14i,-4.5669e-12-10.492i,-2.6102e-15-0.0061255i,-1.0202-5.446e-15i
-0.88659-5.5632e-14i,-4.4987e-12-13.117i,-2.5496e-15-0.0076369i,-1.0149-1.2789e-14i
-0.85244-6.1665e-14i,-4.4117e-12-15.694i,-2.4788e-15-0.0091119i,-1.0053-2.0068e-14i
-0.81486-6.7442e-14i,-4.3063e-12-18.211i,-2.3982e-15-0.010545i,-0.99156-2.7254e-14i
-0.77399-7.2941e-14i,-4.1829e-12-20.658i,-2.3081e-15-0.011929i,-0.97362-3.4317e-14i
-0.73001-7.814e-14i,-4.042e-12-23.025i,-2.2089e-15-0.01326i,-0.95161-4.1226e-14i
-0.68311-8.3019e-14i,-3.8841e-12-25.301i,-2.101e-15-0.014533i,-0.92564-4.7955e-14i
-0.63346-8.7557e-14i,-3.7099e-12-27.478i,-1.985e-15-0.015741i,-0.89581-5.4475e-14i
-0.58129-9.1738e-14i,-3.5202e-12-29.547i,-1.8613e-15-0.016881i,-0.86225-6.076e-14i
-0.52679-9.5545e-14i,-3.3156e-12-31.498i,-1.7305e-15-0.017949i,-0.82511-6.6783e-14i
-0.47019-9.8964e-14i,-3.097e-12-33.323i,-1.5931e-15-0.018939i,-0.78455-7.2521e-14i
-0.41173-1.0198e-13i,-2.8653e-12-35.015i,-1.4497e-15-0.019849i,-0.74074-7.795e-14i
-0.35163-1.0458e-13i,-2.6215e-12-36.566i,-1.301e-15-0.020675i,-0.69388-8.3049e-14i
-0.29015-1.0676e-13i,-2.3665e-12-37.971i,-1.1475e-15-0.021414i,-0.64415-8.7796e-14i
-0.22753-1.0851e-13i,-2.1014e-12-39.222i,-9.8982e-16-0.022063i,-0.59176-9.2173e-14i
-0.16402-1.0983e-13i,-1.8273e-12-40.315i,-8.2873e-16-0.02262i,-0.53695-9.6163e-14i
-0.099887-1.1069e-13i,-1.5452e-12-41.245i,-6.6484e-16-0.023083i,-0.47993-9.9748e-14i
-0.035379-1.1112e-13i,-1.2564e-12-42.008i,-4.9882e-16-0.023451i,-0.42096-1.0292e-13i
0.029242-1.111e-13i,-9.6196e-13-42.6i,-3.3136e-16-0.023721i,-0.36027-1.0566e-13i
0.093715-1.1063e-13i,-6.6314e-13-43.019i,-1.6312e-16-0.023895i,-0.29812-1.0795e-13i
0.15778-1.0972e-13i,-3.6116e-13-43.263i,5.1968e-18-0.023971i,-0.23476-1.098e-13i
0.22119-1.0837e-13i,-5.7245e-14-43.331i,1.7292e-16-0.023949i,-0.17047-1.112e-13i
0.28368-1.0658e-13i,2.4737e-13-43.221i,3.3938e-16-0.023829i,-0.10551-1.1213e-13i
0.34501-1.0438e-13i,5.5143e-13-42.935i,5.0391e-16-0.023613i,-0.040139-1.126e-13i
0.40493-1.0175e-13i,8.5369e-13-42.474i,6.6586e-16-0.023302i,0.025361-1.126e-13i
0.4632-9.8722e-14i,1.1529e-12-41.838i,8.2457e-16-0.022897i,0.090722-1.1214e-13i
0.51959-9.5301e-14i,1.4479e-12-41.03i,9.7942e-16-0.022401i,0.15568-1.1121e-13i
0.57388-9.1501e-14i,1.7375e-12-40.054i,1.1298e-15-0.021815i,0.21995-1.0983e-13i
0.62585-8.7339e-14i,2.0203e-12-38.913i,1.2752e-15-0.021142i,0.2833-1.08e-13i
0.6753-8.2831e-14i,2.2954e-12-37.611i,1.4149e-15-0.020386i,0.34544-1.0572e-13i
0.72203-7.7995e-14i,2.5616e-12-36.154i,1.5484e-15-0.019549i,0.40613-1.0302e-13i
0.76586-7.2852e-14i,2.8178e-12-34.547i,1.6753e-15-0.018635i,0.46512-9.989e-14i
0.80662-6.7423e-14i,3.0628e-12-32.796i,1.7951e-15-0.017649i,0.52217-9.6354e-14i
0.84413-6.1728e-14i,3.2959e-12-30.909i,1.9072e-15-0.016594i,0.57704-9.2426e-14i
0.87827-5.5792e-14i,3.5158e-12-28.893i,2.0113e-15-0.015475i,0.62952-8.8122e-14i
0.9089-4.9637e-14i,3.7219e-12-26.756i,2.1069e-15-0.014296i,0.67939-8.3461e-14i
0.93589-4.3289e-14i,3.9132e-12-24.506i,2.1938e-15-0.013063i,0.72645-7.8462e-14i
0.95914-3.6774e-14i,4.0889e-12-22.152i,2.2715e-15-0.011781i,0.77051-7.3145e-14i
0.97856-3.0116e-14i,4.2483e-12-19.705i,2.3399e-15-0.010455i,0.81139-6.7534e-14i
0.99409-2.3343e-14i,4.3907e-12-17.172i,2.3987e-15-0.0090898i,0.84893-6.1651e-14i
1.0057-1.6482e-14i,4.5156e-12-14.566i,2.4477e-15-0.0076921i,0.88297-5.552e-14i
1.0132-9.56e-15i,4.6224e-12-11.895i,2.4866e-15-0.0062672i,0.91338-4.9168e-14i
1.0167-2.6044e-15i,4.7107e-12-9.1716i,2.5155e-15-0.004821i,0.94005-4.262e-14i
1.0162+4.3571e-15i,4.7801e-12-6.4056i,2.5342e-15-0.0033592i,0.96286-3.5903e-14i
1.0117+1.1297e-14i,4.8303e-12-3.6084i,2.5426e-15-0.0018879i,0.98172-2.9045e-14i
1.0031+1.8187e-14i,4.8611e-12-0.79117i,2.5408e-15-0.00041299i,0.99657-2.2074e-14i
0.99057+2.5002e-14i,4.8723e-12+2.0347i,2.5289e-15+0.0010596i,1.0073-1.5018e-14i
0.9741+3.1712e-14i,4.8639e-12+4.8577i,2.5068e-15+0.0025241i,1.014-7.9069e-15i
0.95378+3.8293e-14i,4.8358e-12+7.6667i,2.4747e-15+0.0039744i,1.0165-7.6866e-16i
0.92968+4.4719e-14i,4.7883e-12+10.45i,2.4329e-15+0.0054049i,1.0149+6.3674e-15i
0.9019+5.0963e-14i,4.7213e-12+13.197i,2.3813e-15+0.00681i,1.0091+1.3472e-14i
0.87057+5.7003e-14i,4.6353e-12+15.896i,2.3205e-15+0.0081839i,0.99925+2.0517e-14i
0.83579+6.2813e-14i,4.5305e-12+18.536i,2.2504e-15+0.0095214i,0.98531+2.7473e-14i
0.79772+6.8371e-14i,4.4073e-12+21.107i,2.1716e-15+0.010817i,0.96736+3.4313e-14i
0.7565+7.3655e-14i,4.2661e-12+23.598i,2.0844e-15+0.012066i,0.94549+4.1008e-14i
0.7123+7.8646e-14i,4.1076e-12+25.999i,1.989e-15+0.013264i,0.91978+4.7532e-14i
0.6653+8.3323e-14i,3.9324e-12+28.3i,1.886e-15+0.014405i,0.89034+5.3858e-14i
0.61568+8.7668e-14i,3.7411e-12+30.493i,1.7757e-15+0.015485i,0.8573+5.9962e-14i
0.56365+9.1664e-14i,3.5344e-12+32.567i,1.6586e-15+0.016501i,0.82078+6.5818e-14i
0.50941+9.5297e-14i,3.3133e-12+34.514i,1.5352e-15+0.017447i,0.78095+7.1403e-14i
0.45317+9.8551e-14i,3.0785e-12+36.327i,1.4061e-15+0.018322i,0.73796+7.6696e-14i
0.39516+1.0141e-13i,2.831e-12+37.998i,1.2717e-15+0.019121i,0.69199+8.1673e-14i
0.3356+1.0388e-13i,2.5717e-12+39.52i,1.1326e-15+0.019841i,0.64323+8.6317e-14i
0.27475+1.0593e-13i,2.3017e-12+40.886i,9.8937e-16+0.020481i,0.59188+9.0609e-14i
0.21282+1.0756e-13i,2.022e-12+42.092i,8.426e-16+0.021037i,0.53815+9.4531e-14i
0.15008+1.0877e-13i,1.7338e-12+43.131i,6.9288e-16+0.021507i,0.48226+9.8068e-14i
0.086758+1.0955e-13i,1.4381e-12+44.001i,5.4081e-16+0.02189i,0.42443+1.0121e-13i
0.023116+1.099e-13i,1.1362e-12+44.695i,3.8702e-16+0.022185i,0.36491+1.0393e-13i
-0.040598+1.0981e-13i,8.2924e-13+45.213i,2.3211e-16+0.02239i,0.30393+1.0624e-13i
-0.10413+1.0929e-13i,5.1843e-13+45.551i,7.67e-17+0.022506i,0.24174+1.0811e-13i
-0.16724+1.0834e-13i,2.0501e-13+45.707i,-7.8579e-17+0.022532i,0.17859+1.0955e-13i
-0.22967+1.0697e-13i,-1.0977e-13+45.682i,-2.3311e-16+0.022467i,0.11474+1.1054e-13i
-0.29118+1.0518e-13i,-4.2468e-13+45.474i,-3.8629e-16+0.022314i,0.050442+1.1109e-13i
-0.35153+1.0297e-13i,-7.3844e-13+45.084i,-5.3751e-16+0.022071i,-0.014036+1.1119e-13i
-0.41048+1.0036e-13i,-1.0498e-12+44.513i,-6.8617e-16+0.021742i,-0.078439+1.1084e-13i
-0.4678+9.7355e-14i,-1.3576e-12+43.764i,-8.3168e-16+0.021326i,-0.14251+1.1004e-13i
-0.52326+9.3971e-14i,-1.6605e-12+42.839i,-9.7348e-16+0.020827i,-0.20598+1.088e-13i
-0.57665+9.0218e-14i,-1.9573e-12+41.741i,-1.111e-15+0.020246i,-0.2686+1.0712e-13i
-0.62776+8.6113e-14i,-2.2469e-12+40.475i,-1.2438e-15+0.019587i,-0.33012+1.0501e-13i
-0.67639+8.1671e-14i,-2.5281e-12+39.045i,-1.3712e-15+0.01885i,-0.3903+1.0248e-13i
-0.72235+7.6911e-14i,-2.7998e-12+37.456i,-1.4928e-15+0.018041i,-0.44888+9.9539e-14i
-0.76547+7.1851e-14i,-3.0609e-12+35.715i,-1.6081e-15+0.017162i,-0.50564+9.6197e-14i
-0.80556+6.6511e-14i,-3.3102e-12+33.828i,-1.7168e-15+0.016217i,-0.56034+9.247e-14i
-0.84249+6.0912e-14i,-3.5469e-12+31.803i,-1.8183e-15+0.015211i,-0.61278+8.8372e-14i
-0.8761+5.5077e-14i,-3.77e-12+29.647i,-1.9123e-15+0.014146i,-0.66273+8.3921e-14i
-0.90626+4.9027e-14i,-3.9786e-12+27.368i,-1.9984e-15+0.013028i,-0.71+7.9134e-14i
-0.93287+4.2788e-14i,-4.1717e-12+24.976i,-2.0764e-15+0.011861i,-0.7544+7.4031e-14i
-0.95581+3.6384e-14i,-4.3487e-12+22.48i,-2.1459e-15+0.01065i,-0.79576+6.8632e-14i
-0.97499+2.984e-14i,-4.5088e-12+19.889i,-2.2066e-15+0.0093997i,-0.83391+6.296e-14i
-0.99035+2.3181e-14i,-4.6514e-12+17.213i,-2.2585e-15+0.0081156i,-0.86869+5.7037e-14i
-1.0018+1.6433e-14i,-4.7758e-12+14.463i,-2.3012e-15+0.0068026i,-0.89997+5.0888e-14i
-1.0094+9.6238e-15i,-4.8815e-12+11.65i,-2.3346e-15+0.0054662i,-0.92763+4.4537e-14i
-1.013+2.7791e-15i,-4.9682e-12+8.7842i,-2.3587e-15+0.0041115i,-0.95155+3.8009e-14i
-1.0126-4.0741e-15i,-5.0354e-12+5.8773i,-2.3733e-15+0.0027442i,-0.97165+3.1331e-14i
-1.0082-1.0909e-14i,-5.0827e-12+2.9406i,-2.3785e-15+0.0013697i,-0.98783+2.453e-14i
-0.99995-1.7699e-14i,-5.1101e-12-0.014261i,-2.3742e-15-6.6257e-06i,-1+1.7633e-14i
-0.98775-2.4418e-14i,-5.1174e-12-2.9758i,-2.3605e-15-0.0013792i,-1.0082+1.0668e-14i
-0.97168-3.1039e-14i,-5.1044e-12-5.9322i,-2.3375e-15-0.0027426i,-1.0124+3.662e-15i
-0.95182-3.7536e-14i,-5.0713e-12-8.8719i,-2.3052e-15-0.0040913i,-1.0125-3.3562e-15i
-0.92824-4.3885e-14i,-5.018e-12-11.783i,-2.2638e-15-0.0054202i,-1.0085-1.0359e-14i
-0.90103-5.006e-14i,-4.9448e-12-14.654i,-2.2136e-15-0.006724i,-1.0005-1.7318e-14i
-0.8703-5.6038e-14i,-4.852e-12-17.474i,-2.1547e-15-0.0079975i,-0.98845-2.4205e-14i
-0.83617-6.1795e-14i,-4.7398e-12-20.232i,-2.0874e-15-0.0092359i,-0.97246-3.0993e-14i
-0.79878-6.7309e-14i,-4.6086e-12-22.916i,-2.0121e-15-0.010434i,-0.95256-3.7655e-14i
-0.75828-7.2559e-14i,-4.459e-12-25.515i,-1.9289e-15-0.011588i,-0.92886-4.4165e-14i
-0.71482-7.7524e-14i,-4.2915e-12-28.02i,-1.8383e-15-0.012692i,-0.90143-5.0496e-14i
-0.66858-8.2184e-14i,-4.1067e-12-30.42i,-1.7406e-15-0.013743i,-0.8704-5.6623e-14i
-0.61973-8.6523e-14i,-3.9053e-12-32.706i,-1.6363e-15-0.014737i,-0.83588-6.2522e-14i
-0.56847-9.0522e-14i,-3.688e-12-34.868i,-1.5258e-15-0.015669i,-0.79802-6.8169e-14i
-0.515-9.4168e-14i,-3.4557e-12-36.897i,-1.4096e-15-0.016537i,-0.75697-7.3542e-14i
-0.45952-9.7444e-14i,-3.2092e-12-38.786i,-1.288e-15-0.017337i,-0.71289-7.862e-14i
-0.40226-1.0034e-13i,-2.9496e-12-40.526i,-1.1617e-15-0.018065i,-0.66597-8.3381e-14i
-0.34344-1.0284e-13i,-2.6776e-12-42.11i,-1.0312e-15-0.01872i,-0.61639-8.7809e-14i
-0.28329-1.0494e-13i,-2.3945e-12-43.532i,-8.9687e-16-0.019299i,-0.56434-9.1884e-14i
-0.22205-1.0664e-13i,-2.1013e-12-44.786i,-7.5939e-16-0.0198i,-0.51004-9.5591e-14i
-0.15994-1.0791e-13i,-1.799e-12-45.866i,-6.1928e-16-0.020221i,-0.45371-9.8914e-14i
-0.097226-1.0877e-13i,-1.4889e-12-46.767i,-4.7712e-16-0.02056i,-0.39557-1.0184e-13i
-0.03414-1.0919e-13i,-1.1722e-12-47.487i,-3.3346e-16-0.020817i,-0.33586-1.0436e-13i
0.029069-1.092e-13i,-8.5001e-13-48.021i,-1.889e-16-0.020991i,-0.2748-1.0646e-13i
0.092155-1.0878e-13i,-5.2364e-13-48.366i,-4.3998e-17-0.021081i,-0.21266-1.0814e-13i
0.15487-1.0793e-13i,-1.9432e-13-48.522i,1.0065e-16-0.021087i,-0.14967-1.0938e-13i
0.21697-1.0666e-13i,1.3666e-13-48.487i,2.4448e-16-0.02101i,-0.086095-1.1019e-13i
0.27822-1.0498e-13i,4.6802e-13-48.26i,3.8691e-16-0.020849i,-0.02218-1.1055e-13i
0.33837-1.0289e-13i,7.9848e-13-47.842i,5.2737e-16-0.020607i,0.041816-1.1048e-13i
0.3972-1.0039e-13i,1.1268e-12-47.233i,6.6532e-16-0.020283i,0.10564-1.0996e-13i
0.45446-9.7508e-14i,1.4516e-12-46.437i,8.0021e-16-0.01988i,0.16903-1.09e-13i
0.50995-9.4244e-14i,1.7716e-12-45.455i,9.315e-16-0.0194i,0.23174-1.076e-13i
0.56343-9.0613e-14i,2.0857e-12-44.291i,1.0587e-15-0.018844i,0.29351-1.0578e-13i
0.61471-8.6628e-14i,2.3926e-12-42.949i,1.1813e-15-0.018215i,0.3541-1.0353e-13i
0.66359-8.2306e-14i,2.6911e-12-41.433i,1.2987e-15-0.017516i,0.41327-1.0087e-13i
0.70987-7.7664e-14i,2.98e-12-39.749i,1.4107e-15-0.01675i,0.47078-9.7799e-14i
0.75338-7.2719e-14i,3.2581e-12-37.902i,1.5166e-15-0.01592i,0.5264-9.4342e-14i
0.79394-6.749e-14i,3.5244e-12-35.901i,1.6162e-15-0.01503i,0.57991-9.0506e-14i
0.8314-6.1999e-14i,3.7778e-12-33.751i,1.709e-15-0.014083i,0.63109-8.6308e-14i
0.86561-5.6266e-14i,4.0173e-12-31.461i,1.7947e-15-0.013083i,0.67973-8.1764e-14i
0.89644-5.0314e-14i,4.2419e-12-29.04i,1.8729e-15-0.012035i,0.72565-7.6892e-14i
0.92377-4.4165e-14i,4.4507e-12-26.495i,1.9434e-15-0.010943i,0.76866-7.1711e-14i
0.94749-3.7844e-14i,4.6429e-12-23.838i,2.0058e-15-0.0098107i,0.80859-6.6243e-14i
0.96751-3.1375e-14i,4.8176e-12-21.077i,2.0601e-15-0.0086438i,0.84527-6.0508e-14i
0.98376-2.4784e-14i,4.9743e-12-18.223i,2.1059e-15-0.0074468i,0.87857-5.453e-14i
0.99616-1.8095e-14i,5.1121e-12-15.288i,2.143e-15-0.0062245i,0.90833-4.8332e-14i
1.0047-1.1336e-14i,5.2305e-12-12.281i,2.1715e-15-0.0049819i,0.93446-4.1938e-14i
1.0093-4.531e-15i,5.329e-12-9.2151i,2.1911e-15-0.0037242i,0.95683-3.5375e-14i
1.0099+2.292e-15i,5.4071e-12-6.1011i,2.2019e-15-0.0024564i,0.97536-2.8668e-14i
1.0066+9.1069e-15i,5.4645e-12-2.9513i,2.2038e-15-0.0011837i,0.98997-2.1843e-14i
0.99937+1.5887e-14i,5.5009e-12+0.22244i,2.1967e-15+8.8866e-05i,1.0006-1.4929e-14i
0.98823+2.2607e-14i,5.5161e-12+3.4077i,2.1809e-15+0.001356i,1.0072-7.952e-15i
0.97323+2.9239e-14i,5.5099e-12+6.5923i,2.1563e-15+0.0026128i,1.0098-9.4019e-16i
0.95443+3.5759e-14i,5.4823e-12+9.7638i,2.123e-15+0.003854i,1.0083+6.0785e-15i
0.9319+4.2141e-14i,5.4333e-12+12.91i,2.0814e-15+0.0050748i,1.0028+1.3076e-14i
0.90573+4.8359e-14i,5.3631e-12+16.018i,2.0314e-15+0.0062702i,0.99319+2.0025e-14i
0.87601+5.4391e-14i,5.2717e-12+19.077i,1.9734e-15+0.0074356i,0.97961+2.6897e-14i
0.84287+6.0211e-14i,5.1595e-12+22.073i,1.9075e-15+0.0085662i,0.96208+3.3665e-14i
0.80643+6.5799e-14i,5.0268e-12+24.996i,1.8342e-15+0.0096577i,0.94068+4.0302e-14i
0.76683+7.1131e-14i,4.8741e-12+27.834i,1.7537e-15+0.010706i,0.91548+4.6781e-14i
0.72423+7.6187e-14i,4.7017e-12+30.574i,1.6663e-15+0.011706i,0.88659+5.3076e-14i
0.67879+8.0947e-14i,4.5104e-12+33.207i,1.5725e-15+0.012655i,0.85411+5.9162e-14i
0.6307+8.5392e-14i,4.3006e-12+35.721i,1.4726e-15+0.013549i,0.81818+6.5015e-14i
0.58012+8.9506e-14i,4.0733e-12+38.106i,1.367e-15+0.014384i,0.77894+7.061e-14i
0.52727+9.3271e-14i,3.829e-12+40.353i,1.2563e-15+0.015157i,0.73654+7.5926e-14i
0.47235+9.6673e-14i,3.5686e-12+42.451i,1.1408e-15+0.015866i,0.69116+8.094e-14i
0.41557+9.9699e-14i,3.2931e-12+44.393i,1.0211e-15+0.016507i,0.64296+8.5633e-14i
0.35715+1.0234e-13i,3.0034e-12+46.17i,8.9762e-16+0.017079i,0.59215+8.9984e-14i
0.29733+1.0457e-13i,2.7005e-12+47.773i,7.7095e-16+0.017578i,0.53893+9.3977e-14i
0.23633+1.064e-13i,2.3854e-12+49.197i,6.4158e-16+0.018004i,0.48351+9.7594e-14i
0.17439+1.0782e-13i,2.0593e-12+50.433i,5.1007e-16+0.018355i,0.4261+1.0082e-13i
0.11176+1.0881e-13i,1.7233e-12+51.478i,3.7698e-16+0.018629i,0.36695+1.0364e-13i
0.04868+1.0937e-13i,1.3786e-12+52.324i,2.4285e-16+0.018827i,0.30628+1.0605e-13i
-0.014602+1.0951e-13i,1.0264e-12+52.969i,1.0826e-16+0.018946i,0.24435+1.0803e-13i
-0.077839+1.0922e-13i,6.6797e-13+53.408i,-2.6241e-17+0.018988i,0.1814+1.0957e-13i
-0.14078+1.0849e-13i,3.0454e-13+53.638i,-1.6007e-16+0.018953i,0.11768+1.1068e-13i
-0.20318+1.0734e-13i,-6.2582e-14+53.656i,-2.9268e-16+0.01884i,0.05345+1.1133e-13i
-0.2648+1.0577e-13i,-4.3209e-13+53.462i,-4.235e-16+0.01865i,-0.011024+1.1153e-13i
-0.32538+1.0378e-13i,-8.0268e-13+53.054i,-5.5198e-16+0.018386i,-0.075484+1.1128e-13i
-0.38469+1.0138e-13i,-1.173e-12+52.432i,-6.7758e-16+0.018047i,-0.13967+1.1058e-13i
-0.4425+9.8574e-14i,-1.5418e-12+51.598i,-7.9977e-16+0.017637i,-0.20331+1.0942e-13i
-0.49857+9.5378e-14i,-1.9077e-12+50.552i,-9.1803e-16+0.017157i,-0.26616+1.0781e-13i
-0.55268+9.1801e-14i,-2.2694e-12+49.297i,-1.0319e-15+0.016608i,-0.32795+1.0576e-13i
-0.60462+8.7856e-14i,-2.6257e-12+47.836i,-1.1408e-15+0.015995i,-0.38842+1.0328e-13i
-0.65418+8.3559e-14i,-2.9751e-12+46.173i,-1.2443e-15+0.01532i,-0.44733+1.0036e-13i
-0.70115+7.8924e-14i,-3.3166e-12+44.311i,-1.342e-15+0.014586i,-0.50443+9.7023e-14i
-0.74535+7.3969e-14i,-3.6489e-12+42.256i,-1.4334e-15+0.013796i,-0.55949+9.328e-14i
-0.7866+6.8713e-14i,-3.9708e-12+40.015i,-1.5182e-15+0.012955i,-0.61227+8.9143e-14i
-0.82473+6.3174e-14i,-4.2811e-12+37.593i,-1.5959e-15+0.012066i,-0.66254+8.4626e-14i
-0.85958+5.7373e-14i,-4.5787e-12+34.997i,-1.6663e-15+0.011133i,-0.71009+7.9747e-14i
-0.89101+5.1332e-14i,-4.8627e-12+32.236i,-1.729e-15+0.01016i,-0.75473+7.4522e-14i
-0.91888+4.5073e-14i,-5.1318e-12+29.318i,-1.7837e-15+0.0091532i,-0.79624+6.8971e-14i
-0.94307+3.862e-14i,-5.3853e-12+26.251i,-1.8301e-15+0.0081158i,-0.83446+6.3114e-14i
-0.96349+3.1997e-14i,-5.6221e-12+23.045i,-1.8682e-15+0.0070528i,-0.8692+5.6972e-14i
-0.98003+2.5228e-14i,-5.8414e-12+19.71i,-1.8976e-15+0.0059694i,-0.90032+5.0568e-14i
-0.99263+1.8338e-14i,-6.0426e-12+16.257i,-1.9182e-15+0.0048704i,-0.92766+4.3926e-14i
-1.0012+1.1354e-14i,-6.2247e-12+12.696i,-1.9299e-15+0.0037611i,-0.95109+3.707e-14i
-1.0057+4.3016e-15i,-6.3872e-12+9.0386i,-1.9326e-15+0.0026467i,-0.97051+3.0025e-14i
-1.0062-2.793e-15i,-6.5295e-12+5.2962i,-1.9262e-15+0.0015322i,-0.9858+2.2818e-14i
-1.0025-9.903e-15i,-6.6511e-12+1.4806i,-1.9108e-15+0.00042301i,-0.99688+1.5476e-14i
-0.99472-1.7002e-14i,-6.7515e-12-2.3959i,-1.8864e-15-0.00067564i,-1.0037+8.0256e-15i
-0.98284-2.4063e-14i,-6.8304e-12-6.321i,-1.853e-15-0.0017585i,-1.0061+4.9486e-16i
-0.9669-3.1059e-14i,-6.8876e-12-10.282i,-1.8107e-15-0.0028205i,-1.0042-7.0881e-15i
-0.94694-3.7965e-14i,-6.9227e-12-14.267i,-1.7597e-15-0.0038564i,-0.99793-1.4695e-14i
-0.92301-4.4754e-14i,-6.9357e-12-18.263i,-1.7001e-15-0.0048611i,-0.98723-2.2297e-14i
-0.8952-5.1402e-14i,-6.9265e-12-22.256i,-1.6321e-15-0.0058298i,-0.97213-2.9865e-14i
-0.86359-5.7881e-14i,-6.8952e-12-26.235i,-1.556e-15-0.0067576i,-0.95267-3.7372e-14i
-0.82829-6.417e-14i,-6.8419e-12-30.186i,-1.4719e-15-0.0076398i,-0.92888-4.4788e-14i
-0.78941-7.0242e-14i,-6.7667e-12-34.097i,-1.3804e-15-0.008472i,-0.90084-5.2086e-14i
-0.74708-7.6077e-14i,-6.67e-12-37.956i,-1.2815e-15-0.0092496i,-0.86861-5.9239e-14i
-0.70145-8.1651e-14i,-6.552e-12-41.75i,-1.1758e-15-0.0099687i,-0.83229-6.6218e-14i
-0.65267-8.6943e-14i,-6.4132e-12-45.467i,-1.0636e-15-0.010625i,-0.79198-7.2998e-14i
-0.60091-9.1934e-14i,-6.2541e-12-49.096i,-9.4531e-16-0.011215i,-0.7478-7.9554e-14i
-0.54636-9.6604e-14i,-6.0752e-12-52.625i,-8.2137e-16-0.011736i,-0.6999-8.5859e-14i
-0.48919-1.0094e-13i,-5.8772e-12-56.042i,-6.9225e-16-0.012184i,-0.64842-9.1889e-14i
-0.42962-1.0491e-13i,-5.6608e-12-59.338i,-5.5844e-16-0.012555i,-0.59353-9.7623e-14i
-0.36785-1.0852e-13i,-5.4267e-12-62.502i,-4.2045e-16-0.012849i,-0.5354-1.0304e-13i
-0.30409-1.1174e-13i,-5.1758e-12-65.523i,-2.7879e-16-0.013061i,-0.47423-1.0811e-13i
-0.23857-1.1457e-13i,-4.9089e-12-68.394i,-1.3401e-16-0.01319i,-0.41022-1.1283e-13i
-0.17153-1.1699e-13i,-4.627e-12-71.104i,1.3326e-17-0.013235i,-0.34358-1.1716e-13i
-0.1032-1.1899e-13i,-4.3311e-12-73.647i,1.6266e-16-0.013194i,-0.27453-1.211e-13i
-0.033823-1.2057e-13i,-4.0222e-12-76.013i,3.1342e-16-0.013065i,-0.2033-1.2463e-13i
0.036353-1.2171e-13i,-3.7014e-12-78.197i,4.6501e-16-0.012849i,-0.13014-1.2774e-13i
0.10708-1.2242e-13i,-3.3699e-12-80.191i,6.1685e-16-0.012544i,-0.055297-1.3041e-13i
0.1781-1.2269e-13i,-3.0287e-12-81.991i,7.6833e-16-0.012151i,0.020979-1.3263e-13i
0.24916-1.2253e-13i,-2.6791e-12-83.591i,9.1887e-16-0.01167i,0.098425-1.3439e-13i
0.32001-1.2191e-13i,-2.3222e-12-84.987i,1.0679e-15-0.011101i,0.17677-1.3569e-13i
0.3904-1.2087e-13i,-1.9594e-12-86.174i,1.2147e-15-0.010446i,0.25576-1.3652e-13i
0.46007-1.1938e-13i,-1.5919e-12-87.151i,1.3589e-15-0.0097053i,0.3351-1.3688e-13i
0.52878-1.1747e-13i,-1.2209e-12-87.916i,1.4997e-15-0.0088813i,0.41454-1.3676e-13i
0.59627-1.1513e-13i,-8.4782e-13-88.465i,1.6367e-15-0.0079757i,0.49378-1.3616e-13i
0.6623-1.1237e-13i,-4.7382e-13-88.8i,1.7693e-15-0.0069908i,0.57257-1.3508e-13i
0.72664-1.0921e-13i,-1.0022e-13-88.92i,1.897e-15-0.0059293i,0.65061-1.3353e-13i
0.78906-1.0565e-13i,2.7169e-13-88.826i,2.0191e-15-0.0047941i,0.72765-1.3152e-13i
0.84933-1.0171e-13i,6.4065e-13-88.519i,2.1353e-15-0.0035884i,0.80341-1.2904e-13i
0.90723-9.7406e-14i,1.0054e-12-88.002i,2.245e-15-0.0023158i,0.87763-1.261e-13i
0.96256-9.2745e-14i,1.3647e-12-87.277i,2.3477e-15-0.00097996i,0.95004-1.2272e-13i
1.0151-8.7748e-14i,1.7174e-12-86.348i,2.4431e-15+0.00041491i,1.0204-1.1891e-13i
1.0647-8.2432e-14i,2.0622e-12-85.22i,2.5307e-15+0.0018645i,1.0885-1.1468e-13i
1.1112-7.6817e-14i,2.398e-12-83.898i,2.6102e-15+0.0033644i,1.154-1.1004e-13i
1.1543-7.0922e-14i,2.7237e-12-82.386i,2.6811e-15+0.0049096i,1.2167-1.0501e-13i
1.194-6.4769e-14i,3.0382e-12-80.692i,2.7431e-15+0.0064954i,1.2765-9.9613e-14i
1.2301-5.838e-14i,3.3405e-12-78.823i,2.796e-15+0.0081163i,1.3331-9.3859e-14i
1.2624-5.1778e-14i,3.6296e-12-76.785i,2.8395e-15+0.0097673i,1.3862-8.7772e-14i
1.2909-4.4987e-14i,3.9046e-12-74.587i,2.8734e-15+0.011443i,1.4358-8.1373e-14i
1.3154-3.8032e-14i,4.1645e-12-72.237i,2.8974e-15+0.013137i,1.4816-7.4683e-14i
1.3359-3.0937e-14i,4.4086e-12-69.744i,2.9114e-15+0.014844i,1.5235-6.7728e-14i
1.3523-2.3727e-14i,4.6362e-12-67.118i,2.9154e-15+0.016559i,1.5613-6.053e-14i
1.3645-1.643e-14i,4.8464e-12-64.369i,2.9091e-15+0.018276i,1.595-5.3116e-14i
1.3725-9.0717e-15i,5.0387e-12-61.506i,2.8926e-15+0.019987i,1.6243-4.5511e-14i
1.3762-1.678e-15i,5.2125e-12-58.54i,2.8658e-15+0.021689i,1.6492-3.7743e-14i
1.3757+5.7241e-15i,5.3673e-12-55.483i,2.8288e-15+0.023374i,1.6696-2.9839e-14i
1.3709+1.3108e-14i,5.5027e-12-52.344i,2.7816e-15+0.025037i,1.6854-2.1827e-14i
1.3619+2.0447e-14i,5.6183e-12-49.136i,2.7244e-15+0.026672i,1.6965-1.3734e-14i
1.3487+2.7714e-14i,5.7139e-12-45.87i,2.6573e-15+0.028273i,1.703-5.5901e-15i
1.3313+3.4884e-14i,5.7892e-12-42.558i,2.5804e-15+0.029835i,1.7049+2.5765e-15i
1.3098+4.193e-14i,5.8441e-12-39.211i,2.494e-15+0.031351i,1.702+1.0737e-14i
1.2843+4.8828e-14i,5.8786e-12-35.84i,2.3983e-15+0.032816i,1.6944+1.8862e-14i
1.2549+5.5553e-14i,5.8927e-12-32.459i,2.2936e-15+0.034226i,1.6821+2.6924e-14i
1.2217+6.2079e-14i,5.8864e-12-29.078i,2.1802e-15+0.035574i,1.6653+3.4894e-14i
1.1847+6.8385e-14i,5.86e-12-25.709i,2.0584e-15+0.036856i,1.6438+4.2744e-14i
1.1442+7.4447e-14i,5.8136e-12-22.363i,1.9287e-15+0.038066i,1.6179+5.0446e-14i
1.1003+8.0244e-14i,5.7476e-12-19.052i,1.7915e-15+0.039202i,1.5876+5.7973e-14i
1.0531+8.5754e-14i,5.6624e-12-15.787i,1.6471e-15+0.040257i,1.553+6.53e-14i
1.0028+9.096e-14i,5.5584e-12-12.579i,1.4961e-15+0.041228i,1.5143+7.2399e-14i
0.94964+9.5841e-14i,5.4362e-12-9.4378i,1.3389e-15+0.042111i,1.4715+7.9247e-14i
0.89373+1.0038e-13i,5.2963e-12-6.3743i,1.1761e-15+0.042904i,1.4249+8.5819e-14i
0.83529+1.0456e-13i,5.1393e-12-3.3983i,1.0081e-15+0.043601i,1.3746+9.2093e-14i
0.77455+1.0837e-13i,4.966e-12-0.51914i,8.3562e-16+0.044201i,1.3207+9.8047e-14i
0.71171+1.118e-13i,4.7771e-12+2.2541i,6.5914e-16+0.044701i,1.2635+1.0366e-13i
0.64701+1.1482e-13i,4.5735e-12+4.9128i,4.7926e-16+0.045099i,1.2031+1.0891e-13i
0.58067+1.1744e-13i,4.356e-12+7.4489i,2.9658e-16+0.045393i,1.1398+1.1379e-13i
0.51293+1.1964e-13i,4.1256e-12+9.8548i,1.1173e-16+0.04558i,1.0739+1.1827e-13i
0.44404+1.2142e-13i,3.8831e-12+12.123i,-7.4687e-17+0.045661i,1.0054+1.2234e-13i
0.37423+1.2277e-13i,3.6296e-12+14.248i,-2.6203e-16+0.045634i,0.93468+1.2599e-13i
0.30375+1.2368e-13i,3.3661e-12+16.224i,-4.4966e-16+0.045499i,0.86199+1.292e-13i
0.23287+1.2416e-13i,3.0937e-12+18.044i,-6.3695e-16+0.045255i,0.78755+1.3197e-13i
0.16182+1.242e-13i,2.8135e-12+19.705i,-8.2325e-16+0.044904i,0.71164+1.3428e-13i
0.090859+1.238e-13i,2.5266e-12+21.203i,-1.0079e-15+0.044444i,0.63452+1.3613e-13i
0.020241+1.2296e-13i,2.2341e-12+22.534i,-1.1904e-15+0.043878i,0.55644+1.3751e-13i
-0.049786+1.217e-13i,1.9372e-12+23.695i,-1.3699e-15+0.043207i,0.47768+1.3842e-13i
-0.11898+1.2e-13i,1.637e-12+24.684i,-1.546e-15+0.042433i,0.39852+1.3886e-13i
-0.18709+1.1789e-13i,1.3348e-12+25.501i,-1.718e-15+0.041557i,0.31923+1.3882e-13i
-0.25388+1.1536e-13i,1.0317e-12+26.143i,-1.8853e-15+0.040582i,0.24006+1.3831e-13i
-0.31911+1.1244e-13i,7.2882e-13+26.612i,-2.0473e-15+0.039511i,0.16131+1.3733e-13i
-0.38257+1.0912e-13i,4.2738e-13+26.909i,-2.2035e-15+0.038346i,0.083232+1.3589e-13i
-0.44403+1.0543e-13i,1.2851e-13+27.033i,-2.3533e-15+0.037092i,0.0060949+1.3399e-13i
-0.50327+1.0137e-13i,-1.6664e-13+26.987i,-2.4963e-15+0.035752i,-0.06984+1.3163e-13i
-0.56009+9.6965e-14i,-4.5697e-13+26.775i,-2.6319e-15+0.03433i,-0.14432+1.2884e-13i
-0.6143+9.2229e-14i,-7.4137e-13+26.398i,-2.7597e-15+0.03283i,-0.21709+1.2562e-13i
-0.66571+8.718e-14i,-1.0188e-12+25.861i,-2.8792e-15+0.031257i,-0.2879+1.2198e-13i
-0.71415+8.1836e-14i,-1.2882e-12+25.169i,-2.99e-15+0.029615i,-0.35654+1.1794e-13i
-0.75944+7.6218e-14i,-1.5486e-12+24.326i,-3.0917e-15+0.02791i,-0.42275+1.1352e-13i
-0.80145+7.0348e-14i,-1.799e-12+23.338i,-3.184e-15+0.026147i,-0.48634+1.0872e-13i
-0.84003+6.4245e-14i,-2.0385e-12+22.211i,-3.2666e-15+0.024331i,-0.54709+1.0357e-13i
-0.87505+5.7935e-14i,-2.2662e-12+20.952i,-3.3391e-15+0.022468i,-0.60481+9.8097e-14i
-0.90641+5.1439e-14i,-2.4814e-12+19.568i,-3.4014e-15+0.020564i,-0.65931+9.231e-14i
-0.934+4.4783e-14i,-2.6832e-12+18.066i,-3.4531e-15+0.018625i,-0.71042+8.6235e-14i
-0.95773+3.7991e-14i,-2.871e-12+16.454i,-3.4942e-15+0.016657i,-0.75798+7.9895e-14i
-0.97754+3.1087e-14i,-3.044e-12+14.741i,-3.5245e-15+0.014665i,-0.80184+7.3313e-14i
-0.99336+2.4099e-14i,-3.2018e-12+12.935i,-3.5439e-15+0.012657i,-0.84188+6.6515e-14i
-1.0052+1.7051e-14i,-3.3437e-12+11.045i,-3.5523e-15+0.010638i,-0.87797+5.9526e-14i
-1.0129+9.9688e-15i,-3.4693e-12+9.081i,-3.5497e-15+0.0086144i,-0.91002+5.2371e-14i
-1.0166+2.8795e-15i,-3.5781e-12+7.0521i,-3.536e-15+0.0065932i,-0.93793+4.5078e-14i
-1.0162-4.1912e-15i,-3.6699e-12+4.968i,-3.5115e-15+0.0045805i,-0.96163+3.7674e-14i
-1.0118-1.1217e-14i,-3.7444e-12+2.8387i,-3.4761e-15+0.0025825i,-0.98107+3.0186e-14i
-1.0034-1.8173e-14i,-3.8014e-12+0.6741i,-3.43e-15+0.00060545i,-0.9962+2.2641e-14i
-0.99102-2.5033e-14i,-3.8407e-12-1.5156i,-3.3733e-15-0.0013445i,-1.007+1.5067e-14i
-0.97474-3.1772e-14i,-3.8622e-12-3.7203i,-3.3063e-15-0.0032614i,-1.0135+7.4928e-15i
-0.95463-3.8366e-14i,-3.8661e-12-5.9299i,-3.2291e-15-0.0051392i,-1.0156-5.4623e-17i
-0.93079-4.479e-14i,-3.8523e-12-8.1342i,-3.1421e-15-0.0069721i,-1.0134-7.5475e-15i
-0.90332-5.1022e-14i,-3.821e-12-10.323i,-3.0455e-15-0.0087545i,-1.007-1.4959e-14i
-0.87233-5.7038e-14i,-3.7725e-12-12.487i,-2.9397e-15-0.010481i,-0.99632-2.2261e-14i
-0.83797-6.2817e-14i,-3.7069e-12-14.616i,-2.8251e-15-0.012146i,-0.98152-2.9428e-14i
-0.80036-6.8338e-14i,-3.6246e-12-16.7i,-2.7021e-15-0.013745i,-0.96265-3.6434e-14i
-0.75966-7.3581e-14i,-3.5262e-12-18.73i,-2.5711e-15-0.015273i,-0.93982-4.3253e-14i
-0.71604-7.8528e-14i,-3.4119e-12-20.696i,-2.4325e-15-0.016725i,-0.91314-4.9862e-14i
-0.66967-8.316e-14i,-3.2824e-12-22.591i,-2.2869e-15-0.018098i,-0.88274-5.6236e-14i
-0.62074-8.7461e-14i,-3.1382e-12-24.406i,-2.1348e-15-0.019386i,-0.84876-6.2353e-14i
-0.56944-9.1417e-14i,-2.98e-12-26.132i,-1.9766e-15-0.020587i,-0.81135-6.8191e-14i
-0.51597-9.5012e-14i,-2.8085e-12-27.762i,-1.813e-15-0.021697i,-0.77068-7.3729e-14i
-0.46055-9.8235e-14i,-2.6244e-12-29.288i,-1.6444e-15-0.022713i,-0.72693-7.8949e-14i
-0.40339-1.0107e-13i,-2.4285e-12-30.703i,-1.4716e-15-0.023632i,-0.68028-8.3831e-14i
-0.34471-1.0352e-13i,-2.2217e-12-32.002i,-1.2951e-15-0.024452i,-0.63093-8.8359e-14i
-0.28475-1.0556e-13i,-2.0049e-12-33.178i,-1.1155e-15-0.02517i,-0.57909-9.2517e-14i
-0.22372-1.072e-13i,-1.7789e-12-34.226i,-9.3344e-16-0.025786i,-0.52498-9.6292e-14i
-0.16188-1.0842e-13i,-1.5448e-12-35.142i,-7.4954e-16-0.026297i,-0.46882-9.967e-14i
-0.09946-1.0922e-13i,-1.3035e-12-35.92i,-5.6445e-16-0.026702i,-0.41083-1.0264e-13i
-0.036695-1.0961e-13i,-1.0559e-12-36.557i,-3.7881e-16-0.027002i,-0.35126-1.0519e-13i
0.02617-1.0957e-13i,-8.0327e-13-37.05i,-1.9325e-16-0.027195i,-0.29035-1.0732e-13i
0.088895-1.0912e-13i,-5.4647e-13-37.397i,-8.4246e-18-0.027283i,-0.22834-1.0902e-13i
0.15124-1.0824e-13i,-2.8663e-13-37.596i,1.7504e-16-0.027265i,-0.16548-1.1028e-13i
0.21297-1.0696e-13i,-2.481e-14-37.645i,3.5652e-16-0.027141i,-0.10202-1.111e-13i
0.27384-1.0527e-13i,2.3791e-13-37.543i,5.3538e-16-0.026915i,-0.038225-1.1148e-13i
0.33363-1.0318e-13i,5.0045e-13-37.291i,7.1101e-16-0.026586i,0.025667-1.1142e-13i
0.39211-1.007e-13i,7.6174e-13-36.89i,8.8282e-16-0.026157i,0.089398-1.1091e-13i
0.44905-9.7834e-14i,1.0207e-12-36.34i,1.0502e-15-0.025631i,0.15272-1.0998e-13i
0.50425-9.4602e-14i,1.2763e-12-35.643i,1.2126e-15-0.025009i,0.21538-1.0861e-13i
0.55749-9.1012e-14i,1.5274e-12-34.802i,1.3695e-15-0.024295i,0.27713-1.0682e-13i
0.60857-8.708e-14i,1.7732e-12-33.819i,1.5204e-15-0.023492i,0.33774-1.0461e-13i
0.65731-8.2821e-14i,2.0124e-12-32.698i,1.6647e-15-0.022603i,0.39697-1.0199e-13i
0.70351-7.825e-14i,2.2443e-12-31.444i,1.802e-15-0.021632i,0.45458-9.8986e-14i
0.747-7.3387e-14i,2.4678e-12-30.06i,1.9317e-15-0.020584i,0.51036-9.5595e-14i
0.78763-6.8249e-14i,2.682e-12-28.553i,2.0536e-15-0.019462i,0.5641-9.1836e-14i
0.82524-6.2857e-14i,2.886e-12-26.927i,2.1671e-15-0.018272i,0.61557-8.7724e-14i
0.85968-5.7231e-14i,3.0791e-12-25.189i,2.2719e-15-0.017017i,0.6646-8.3277e-14i
0.89084-5.1393e-14i,3.2605e-12-23.346i,2.3678e-15-0.015704i,0.71098-7.8512e-14i
0.9186-4.5365e-14i,3.4293e-12-21.405i,2.4543e-15-0.014337i,0.75454-7.3448e-14i
0.94285-3.9169e-14i,3.5849e-12-19.372i,2.5312e-15-0.012922i,0.79513-6.8106e-14i
0.9635-3.2831e-14i,3.7268e-12-17.256i,2.5983e-15-0.011463i,0.83257-6.2507e-14i
0.98048-2.6373e-14i,3.8542e-12-15.066i,2.6554e-15-0.0099681i,0.86674-5.6672e-14i
0.99373-1.982e-14i,3.9667e-12-12.809i,2.7023e-15-0.0084414i,0.8975-5.0626e-14i
1.0032-1.3197e-14i,4.0638e-12-10.494i,2.7389e-15-0.0068891i,0.92474-4.4391e-14i
1.0089-6.5294e-15i,4.1452e-12-8.1304i,2.7651e-15-0.0053172i,0.94836-3.7992e-14i
1.0107+1.5823e-16i,4.2103e-12-5.7273i,2.7808e-15-0.0037316i,0.96827-3.1455e-14i
